case_study,benchmark,mode,success,interpret_time,interpret_cpu,interpret_mem,transpile_time,transpile_cpu,transpile_mem,compile_time,compile_cpu,compile_mem,execute_time,execute_cpu,execute_mem,smt_calls,smt_time,smt_mode,smt_eval_time,smt_wait_time,smt_cache_hits,smt_cache_misses,smt_cache_clears,work,parallelism
dminor,all-100,compile-reorder,y,NA,NA,NA,1.06,622,0.40992,69.40,203,1.741388,1428.64,100,0.5751,95749,1400.84,push-pop,1400.84,0.0,0.318543,0.266951,0,14.16749,1
dminor,all-100,compile-reorder,y,NA,NA,NA,1.32,493,0.422564,70.06,201,1.739836,1427.52,100,0.575104,95749,1399.77,push-pop,1399.77,0.0,0.318585,0.266909,0,14.16749,1
dminor,all-100,compile-reorder,y,NA,NA,NA,NA,NA,NA,NA,NA,NA,1431.72,100,0.574584,95749,1404.3,push-pop,1404.3,0.0,0.318589,0.266905,0,14.16749,1
dminor,all-100,compile-reorder,y,NA,NA,NA,NA,NA,NA,NA,NA,NA,1430.93,100,0.575488,95749,1403.21,push-pop,1403.21,0.0,0.318585,0.266909,0,14.16749,1
dminor,all-100,compile-reorder,y,NA,NA,NA,NA,NA,NA,NA,NA,NA,1433.64,100,0.575368,95749,1405.97,push-pop,1405.97,0.0,0.318589,0.266905,0,14.16749,1
dminor,all-100,compile-reorder,y,NA,NA,NA,NA,NA,NA,NA,NA,NA,196.52,780,0.58756,95749,1468.19,push-pop,1468.19,0.0,0.290978,0.294516,0,14.16749,8
dminor,all-100,compile-reorder,y,NA,NA,NA,NA,NA,NA,NA,NA,NA,195.48,780,0.589356,95749,1461.97,push-pop,1461.97,0.0,0.291031,0.294463,0,14.16749,8
dminor,all-100,compile-reorder,y,NA,NA,NA,NA,NA,NA,NA,NA,NA,195.68,780,0.590124,95749,1464.39,push-pop,1464.39,0.0,0.291177,0.294317,0,14.16749,8
dminor,all-100,compile-reorder,y,NA,NA,NA,NA,NA,NA,NA,NA,NA,193.61,780,0.58776,95749,1448.03,push-pop,1448.03,0.0,0.290924,0.29457,0,14.16749,8
dminor,all-100,compile-reorder,y,NA,NA,NA,NA,NA,NA,NA,NA,NA,193.23,780,0.587996,95749,1444.9,push-pop,1444.9,0.0,0.290966,0.294528,0,14.16749,8
dminor,all-100,compile-reorder,y,NA,NA,NA,NA,NA,NA,NA,NA,NA,116.13,1492,0.597756,95749,1624.09,push-pop,1624.09,0.0,0.276017,0.309477,0,14.16749,16
dminor,all-100,compile-reorder,y,NA,NA,NA,NA,NA,NA,NA,NA,NA,115.13,1493,0.599716,95749,1608.74,push-pop,1608.74,0.0,0.275579,0.309915,0,14.16749,16
dminor,all-100,compile-reorder,y,NA,NA,NA,NA,NA,NA,NA,NA,NA,116.97,1490,0.59642,95749,1635.74,push-pop,1635.74,0.0,0.275628,0.309866,0,14.16749,16
dminor,all-100,compile-reorder,y,NA,NA,NA,NA,NA,NA,NA,NA,NA,116.50,1492,0.59804,95749,1628.03,push-pop,1628.03,0.0,0.275477,0.310017,0,14.16749,16
dminor,all-100,compile-reorder,y,NA,NA,NA,NA,NA,NA,NA,NA,NA,116.16,1492,0.59906,95749,1625.17,push-pop,1625.17,0.0,0.275629,0.309865,0,14.16749,16
dminor,all-100,compile-reorder,y,NA,NA,NA,NA,NA,NA,NA,NA,NA,93.29,2164,0.621652,95749,1861.27,push-pop,1861.27,0.0,0.264307,0.321187,0,14.16749,24
dminor,all-100,compile-reorder,y,NA,NA,NA,NA,NA,NA,NA,NA,NA,93.48,2164,0.6257,95749,1861.85,push-pop,1861.85,0.0,0.264096,0.321398,0,14.16749,24
dminor,all-100,compile-reorder,y,NA,NA,NA,NA,NA,NA,NA,NA,NA,93.55,2162,0.635208,95749,1864.85,push-pop,1864.85,0.0,0.264357,0.321137,0,14.16749,24
dminor,all-100,compile-reorder,y,NA,NA,NA,NA,NA,NA,NA,NA,NA,92.69,2164,0.628024,95749,1844.76,push-pop,1844.76,0.0,0.264082,0.321412,0,14.16749,24
dminor,all-100,compile-reorder,y,NA,NA,NA,NA,NA,NA,NA,NA,NA,93.52,2165,0.625744,95749,1863.47,push-pop,1863.47,0.0,0.26403,0.321464,0,14.16749,24
dminor,all-100,compile-reorder,y,NA,NA,NA,NA,NA,NA,NA,NA,NA,88.36,2959,0.759228,95749,2407.82,push-pop,2407.82,0.0,0.252825,0.332669,0,14.16749,32
dminor,all-100,compile-reorder,y,NA,NA,NA,NA,NA,NA,NA,NA,NA,86.81,2960,0.744216,95749,2358.29,push-pop,2358.29,0.0,0.253105,0.332389,0,14.16749,32
dminor,all-100,compile-reorder,y,NA,NA,NA,NA,NA,NA,NA,NA,NA,87.41,2960,0.738192,95749,2381.6,push-pop,2381.6,0.0,0.25277,0.332724,0,14.16749,32
dminor,all-100,compile-reorder,y,NA,NA,NA,NA,NA,NA,NA,NA,NA,87.63,2961,0.714892,95749,2383.08,push-pop,2383.08,0.0,0.25297,0.332524,0,14.16749,32
dminor,all-100,compile-reorder,y,NA,NA,NA,NA,NA,NA,NA,NA,NA,87.04,2957,0.748936,95749,2361.5,push-pop,2361.5,0.0,0.252909,0.332585,0,14.16749,32
dminor,all-100,compile-reorder,y,NA,NA,NA,NA,NA,NA,NA,NA,NA,91.79,3599,0.998228,95749,3011.15,push-pop,3011.15,0.0,0.241566,0.343928,0,14.16749,40
dminor,all-100,compile-reorder,y,NA,NA,NA,NA,NA,NA,NA,NA,NA,90.56,3591,1.009392,95749,2967.97,push-pop,2967.97,0.0,0.241252,0.344242,0,14.16749,40
dminor,all-100,compile-reorder,y,NA,NA,NA,NA,NA,NA,NA,NA,NA,89.72,3593,0.97212,95749,2938.1,push-pop,2938.1,0.0,0.241136,0.344358,0,14.16749,40
dminor,all-100,compile-reorder,y,NA,NA,NA,NA,NA,NA,NA,NA,NA,91.24,3602,0.96296,95749,2992.86,push-pop,2992.86,0.0,0.240933,0.344561,0,14.16749,40
dminor,all-100,compile-reorder,y,NA,NA,NA,NA,NA,NA,NA,NA,NA,90.79,3597,0.988212,95749,2982.29,push-pop,2982.29,0.0,0.241074,0.34442,0,14.16749,40
dminor,all-100,compile-reorder,y,NA,NA,NA,1.06,715,0.456888,69.35,203,1.740836,100.18,4251,1.217424,95749,3727.46,push-pop,3727.46,0.0,0.229804,0.35569,0,14.16749,48
dminor,all-100,compile-reorder,y,NA,NA,NA,NA,NA,NA,NA,NA,NA,98.09,4260,1.243616,95749,3651.02,push-pop,3651.02,0.0,0.229868,0.355626,0,14.16749,48
dminor,all-100,compile-reorder,y,NA,NA,NA,NA,NA,NA,NA,NA,NA,99.34,4257,1.265772,95749,3690.69,push-pop,3690.69,0.0,0.229753,0.355741,0,14.16749,48
dminor,all-100,compile-reorder,y,NA,NA,NA,NA,NA,NA,NA,NA,NA,98.26,4255,1.301668,95749,3648.28,push-pop,3648.28,0.0,0.229925,0.355569,0,14.16749,48
dminor,all-100,compile-reorder,y,NA,NA,NA,NA,NA,NA,NA,NA,NA,98.18,4257,1.217492,95749,3654.4,push-pop,3654.4,0.0,0.229552,0.355942,0,14.16749,48
dminor,all-100,compile-unbatched,y,NA,NA,NA,1.06,660,0.422132,130.87,155,3.604332,1379.57,100,0.603776,95749,1346.1618171900002,push-pop,1346.16,0.00181719,0.153963,0.431531,0,12.499511,1
dminor,all-100,compile-unbatched,y,NA,NA,NA,1.07,638,0.429584,130.46,155,3.60286,1378.26,100,0.603796,95749,1344.83201681,push-pop,1344.83,0.00201681,0.153963,0.431531,0,12.499506,1
dminor,all-100,compile-unbatched,y,NA,NA,NA,NA,NA,NA,NA,NA,NA,1379.94,100,0.603412,95749,1346.6117971699998,push-pop,1346.61,0.0017971699999999998,0.153963,0.431531,0,12.499506,1
dminor,all-100,compile-unbatched,y,NA,NA,NA,NA,NA,NA,NA,NA,NA,1372.27,100,0.603392,95749,1338.94189316,push-pop,1338.94,0.0018931599999999999,0.153963,0.431531,0,12.499506,1
dminor,all-100,compile-unbatched,y,NA,NA,NA,NA,NA,NA,NA,NA,NA,1382.72,100,0.604024,95749,1349.69179716,push-pop,1349.69,0.0017971600000000001,0.153963,0.431531,0,12.499506,1
dminor,all-100,compile-unbatched,y,NA,NA,NA,NA,NA,NA,NA,NA,NA,167.95,802,0.628172,95749,1303.3043,push-pop,1301.32,1.9843,0.153732,0.431762,0,12.921539,8
dminor,all-100,compile-unbatched,y,NA,NA,NA,NA,NA,NA,NA,NA,NA,166.47,802,0.627188,95749,1291.0298799999998,push-pop,1289.12,1.90988,0.153658,0.431836,0,12.92042,8
dminor,all-100,compile-unbatched,y,NA,NA,NA,NA,NA,NA,NA,NA,NA,168.82,802,0.626096,95749,1309.6152200000001,push-pop,1305.93,3.6852199999999997,0.153658,0.431836,0,12.921277,8
dminor,all-100,compile-unbatched,y,NA,NA,NA,NA,NA,NA,NA,NA,NA,169.46,802,0.628348,95749,1314.7370700000001,push-pop,1311.13,3.60707,0.153663,0.431831,0,12.928548,8
dminor,all-100,compile-unbatched,y,NA,NA,NA,NA,NA,NA,NA,NA,NA,167.68,803,0.627032,95749,1300.95471,push-pop,1299.06,1.8947100000000001,0.153789,0.431705,0,12.928516,8
dminor,all-100,compile-unbatched,y,NA,NA,NA,NA,NA,NA,NA,NA,NA,91.54,1578,0.6564,95749,1400.0705,push-pop,1386.74,13.3305,0.15355,0.431944,0,12.931799,16
dminor,all-100,compile-unbatched,y,NA,NA,NA,NA,NA,NA,NA,NA,NA,91.46,1581,0.6605,95749,1407.4249,push-pop,1385.57,21.8549,0.153549,0.431945,0,12.931516,16
dminor,all-100,compile-unbatched,y,NA,NA,NA,NA,NA,NA,NA,NA,NA,90.00,1582,0.660592,95749,1374.7395999999999,push-pop,1363.81,10.9296,0.153602,0.431892,0,12.92017,16
dminor,all-100,compile-unbatched,y,NA,NA,NA,NA,NA,NA,NA,NA,NA,90.97,1590,0.65602,95749,1401.0608,push-pop,1387.55,13.5108,0.153583,0.431911,0,12.899826,16
dminor,all-100,compile-unbatched,y,NA,NA,NA,NA,NA,NA,NA,NA,NA,90.59,1592,0.657056,95749,1390.84898,push-pop,1384.12,6.72898,0.153548,0.431946,0,12.921764,16
dminor,all-100,compile-unbatched,y,NA,NA,NA,NA,NA,NA,NA,NA,NA,68.33,2382,0.712636,95749,1554.3986,push-pop,1540.22,14.178600000000001,0.153392,0.432102,0,12.932756,24
dminor,all-100,compile-unbatched,y,NA,NA,NA,NA,NA,NA,NA,NA,NA,66.79,2396,0.720504,95749,1522.76984,push-pop,1513.0,9.76984,0.153408,0.432086,0,12.934615,24
dminor,all-100,compile-unbatched,y,NA,NA,NA,NA,NA,NA,NA,NA,NA,68.72,2326,0.713036,95749,1548.0619000000002,push-pop,1515.38,32.6819,0.153552,0.431942,0,12.938062,24
dminor,all-100,compile-unbatched,y,NA,NA,NA,NA,NA,NA,NA,NA,NA,67.52,2346,0.71232,95749,1515.2017,push-pop,1499.16,16.041700000000002,0.153476,0.432018,0,12.929724,24
dminor,all-100,compile-unbatched,y,NA,NA,NA,NA,NA,NA,NA,NA,NA,67.07,2362,0.711124,95749,1519.2048,push-pop,1495.75,23.4548,0.153549,0.431945,0,12.937999,24
dminor,all-100,compile-unbatched,y,NA,NA,NA,NA,NA,NA,NA,NA,NA,67.57,3091,0.854864,95749,2040.3545,push-pop,1987.77,52.5845,0.153431,0.432063,0,12.936745,32
dminor,all-100,compile-unbatched,y,NA,NA,NA,NA,NA,NA,NA,NA,NA,64.98,3100,0.85604,95749,1985.4235,push-pop,1913.7,71.7235,0.153253,0.432241,0,12.937451,32
dminor,all-100,compile-unbatched,y,NA,NA,NA,NA,NA,NA,NA,NA,NA,65.89,3148,0.89374,95749,1990.3934,push-pop,1973.08,17.3134,0.153495,0.431999,0,12.927039,32
dminor,all-100,compile-unbatched,y,NA,NA,NA,NA,NA,NA,NA,NA,NA,66.31,3082,0.850184,95749,1968.3235,push-pop,1943.46,24.8635,0.153471,0.432023,0,12.939277,32
dminor,all-100,compile-unbatched,y,NA,NA,NA,NA,NA,NA,NA,NA,NA,65.61,3166,0.854792,95749,1994.9766,push-pop,1973.03,21.9466,0.15325,0.432244,0,12.931572,32
dminor,all-100,compile-unbatched,y,NA,NA,NA,NA,NA,NA,NA,NA,NA,66.84,3907,1.102816,95749,2535.3354,push-pop,2490.46,44.8754,0.153274,0.43222,0,12.94343,40
dminor,all-100,compile-unbatched,y,NA,NA,NA,NA,NA,NA,NA,NA,NA,66.25,3858,1.114772,95749,2487.1812,push-pop,2438.43,48.7512,0.153195,0.432299,0,12.936911,40
dminor,all-100,compile-unbatched,y,NA,NA,NA,NA,NA,NA,NA,NA,NA,64.80,3917,1.110608,95749,2458.8034000000002,push-pop,2420.4,38.403400000000005,0.153244,0.43225,0,12.941047,40
dminor,all-100,compile-unbatched,y,NA,NA,NA,NA,NA,NA,NA,NA,NA,66.20,3839,1.08976,95749,2461.9737999999998,push-pop,2428.81,33.1638,0.153468,0.432026,0,12.945546,40
dminor,all-100,compile-unbatched,y,NA,NA,NA,NA,NA,NA,NA,NA,NA,65.94,3841,1.078292,95749,2496.6686000000004,push-pop,2418.28,78.38860000000001,0.153342,0.432152,0,12.941045,40
dminor,all-100,compile-unbatched,y,NA,NA,NA,1.10,853,0.506632,129.49,156,3.601768,69.70,4330,1.358972,95749,3097.127,push-pop,2893.62,203.507,0.153613,0.431881,0,12.917229,48
dminor,all-100,compile-unbatched,y,NA,NA,NA,NA,NA,NA,NA,NA,NA,67.80,4504,1.349476,95749,3047.498,push-pop,2935.68,111.818,0.153329,0.432165,0,12.947293,48
dminor,all-100,compile-unbatched,y,NA,NA,NA,NA,NA,NA,NA,NA,NA,67.39,4605,1.334648,95749,3027.8574,push-pop,2981.5,46.3574,0.153041,0.432453,0,12.940298,48
dminor,all-100,compile-unbatched,y,NA,NA,NA,NA,NA,NA,NA,NA,NA,66.16,4664,1.390192,95749,3010.135,push-pop,2962.07,48.065,0.15298,0.432514,0,12.942291,48
dminor,all-100,compile-unbatched,y,NA,NA,NA,NA,NA,NA,NA,NA,NA,67.56,4604,1.371788,95749,3045.8784,push-pop,2985.66,60.2184,0.153253,0.432241,0,12.945075,48
symex,interp-6,compile-reorder,y,NA,NA,NA,0.83,681,0.33474,65.34,199,1.459488,865.91,103,0.383232,23418,823.06651334,check-sat-assuming,823.066,0.00051334,0.709068,0.85283,6813,8.805588,1
symex,interp-6,compile-reorder,y,NA,NA,NA,0.84,610,0.337288,65.23,199,1.46028,857.20,103,0.384,23418,814.157510322,check-sat-assuming,814.157,0.000510322,0.707217,0.854681,6816,8.805588,1
symex,interp-6,compile-reorder,y,NA,NA,NA,NA,NA,NA,NA,NA,NA,870.17,103,0.383232,23418,828.4734809109999,check-sat-assuming,828.473,0.000480911,0.707832,0.854066,6821,8.805588,1
symex,interp-6,compile-reorder,y,NA,NA,NA,NA,NA,NA,NA,NA,NA,865.12,103,0.384,23418,823.434492877,check-sat-assuming,823.434,0.000492877,0.707832,0.854066,6821,8.805588,1
symex,interp-6,compile-reorder,y,NA,NA,NA,NA,NA,NA,NA,NA,NA,851.37,103,0.383232,23418,809.4545013669999,check-sat-assuming,809.454,0.000501367,0.707832,0.854066,6821,8.805588,1
symex,interp-6,compile-reorder,y,NA,NA,NA,NA,NA,NA,NA,NA,NA,463.96,259,0.401664,23418,930.463771555,check-sat-assuming,930.463,0.0007715549999999999,0.623337,0.938561,7512,8.805588,8
symex,interp-6,compile-reorder,y,NA,NA,NA,NA,NA,NA,NA,NA,NA,534.35,242,0.405884,23418,1013.6708062319999,check-sat-assuming,1013.67,0.0008062319999999999,0.621767,0.940131,7514,8.805588,8
symex,interp-6,compile-reorder,y,NA,NA,NA,NA,NA,NA,NA,NA,NA,471.27,257,0.40128,23418,940.702786743,check-sat-assuming,940.702,0.000786743,0.619966,0.941932,7543,8.805588,8
symex,interp-6,compile-reorder,y,NA,NA,NA,NA,NA,NA,NA,NA,NA,459.51,260,0.405504,23418,924.699823245,check-sat-assuming,924.699,0.000823245,0.619874,0.942024,7532,8.805588,8
symex,interp-6,compile-reorder,y,NA,NA,NA,NA,NA,NA,NA,NA,NA,464.94,259,0.406656,23418,932.5298004269999,check-sat-assuming,932.529,0.000800427,0.626039,0.935859,7495,8.805588,8
symex,interp-6,compile-reorder,y,NA,NA,NA,NA,NA,NA,NA,NA,NA,462.67,320,0.408576,23418,961.3449396030001,check-sat-assuming,961.344,0.000939603,0.613664,0.948234,7588,8.805588,16
symex,interp-6,compile-reorder,y,NA,NA,NA,NA,NA,NA,NA,NA,NA,472.99,317,0.40896,23418,981.027864363,check-sat-assuming,981.027,0.000864363,0.609395,0.952503,7624,8.805588,16
symex,interp-6,compile-reorder,y,NA,NA,NA,NA,NA,NA,NA,NA,NA,466.71,320,0.411264,23418,973.896906748,check-sat-assuming,973.896,0.000906748,0.607669,0.954229,7639,8.805588,16
symex,interp-6,compile-reorder,y,NA,NA,NA,NA,NA,NA,NA,NA,NA,465.82,320,0.408576,23418,971.596888517,check-sat-assuming,971.596,0.000888517,0.610087,0.951811,7612,8.805588,16
symex,interp-6,compile-reorder,y,NA,NA,NA,NA,NA,NA,NA,NA,NA,468.40,320,0.421248,23418,981.820855872,check-sat-assuming,981.82,0.0008558719999999999,0.609296,0.952602,7622,8.805588,16
symex,interp-6,compile-reorder,y,NA,NA,NA,NA,NA,NA,NA,NA,NA,464.12,375,0.41472,23418,961.901869621,check-sat-assuming,961.901,0.000869621,0.607176,0.954722,7625,8.805588,24
symex,interp-6,compile-reorder,y,NA,NA,NA,NA,NA,NA,NA,NA,NA,480.95,369,0.41664,23418,987.3728956159999,check-sat-assuming,987.372,0.000895616,0.607668,0.95423,7626,8.805588,24
symex,interp-6,compile-reorder,y,NA,NA,NA,NA,NA,NA,NA,NA,NA,467.84,374,0.420096,23418,965.520899201,check-sat-assuming,965.52,0.0008992010000000001,0.606084,0.955814,7640,8.805588,24
symex,interp-6,compile-reorder,y,NA,NA,NA,NA,NA,NA,NA,NA,NA,471.62,374,0.4224,23418,977.525901045,check-sat-assuming,977.525,0.000901045,0.606127,0.955771,7655,8.805588,24
symex,interp-6,compile-reorder,y,NA,NA,NA,NA,NA,NA,NA,NA,NA,551.08,333,0.41664,23418,1052.130910135,check-sat-assuming,1052.13,0.0009101350000000001,0.606824,0.955074,7627,8.805588,24
symex,interp-6,compile-reorder,y,NA,NA,NA,NA,NA,NA,NA,NA,NA,483.39,420,0.419328,23418,972.2019265810001,check-sat-assuming,972.201,0.000926581,0.604021,0.957877,7677,8.805588,32
symex,interp-6,compile-reorder,y,NA,NA,NA,NA,NA,NA,NA,NA,NA,463.81,436,0.42432,23418,960.264902067,check-sat-assuming,960.264,0.000902067,0.602827,0.959071,7666,8.805588,32
symex,interp-6,compile-reorder,y,NA,NA,NA,NA,NA,NA,NA,NA,NA,464.62,435,0.426616,23418,962.539868626,check-sat-assuming,962.539,0.0008686260000000001,0.602912,0.958986,7678,8.805588,32
symex,interp-6,compile-reorder,y,NA,NA,NA,NA,NA,NA,NA,NA,NA,474.56,428,0.419328,23418,968.949893835,check-sat-assuming,968.949,0.000893835,0.604767,0.957131,7649,8.805588,32
symex,interp-6,compile-reorder,y,NA,NA,NA,NA,NA,NA,NA,NA,NA,466.24,434,0.423552,23418,965.933907016,check-sat-assuming,965.933,0.0009070160000000001,0.605269,0.956629,7633,8.805588,32
symex,interp-6,compile-reorder,y,NA,NA,NA,NA,NA,NA,NA,NA,NA,472.60,488,0.420092,23418,964.1190443600001,check-sat-assuming,964.118,0.00104436,0.604687,0.957211,7661,8.805588,40
symex,interp-6,compile-reorder,y,NA,NA,NA,NA,NA,NA,NA,NA,NA,463.52,498,0.427392,23418,959.946927421,check-sat-assuming,959.946,0.0009274210000000001,0.604001,0.957897,7655,8.805588,40
symex,interp-6,compile-reorder,y,NA,NA,NA,NA,NA,NA,NA,NA,NA,467.22,495,0.425088,23418,963.648899442,check-sat-assuming,963.648,0.000899442,0.60395,0.957948,7655,8.805588,40
symex,interp-6,compile-reorder,y,NA,NA,NA,NA,NA,NA,NA,NA,NA,463.45,497,0.426624,23418,956.4179041040001,check-sat-assuming,956.417,0.000904104,0.603827,0.958071,7669,8.805588,40
symex,interp-6,compile-reorder,y,NA,NA,NA,NA,NA,NA,NA,NA,NA,465.81,496,0.423168,23418,961.492896719,check-sat-assuming,961.492,0.000896719,0.601437,0.960461,7687,8.805588,40
symex,interp-6,compile-reorder,y,NA,NA,NA,0.87,615,0.351212,65.16,199,1.460232,489.49,540,0.425472,23418,967.017915093,check-sat-assuming,967.017,0.0009150930000000001,0.601278,0.96062,7671,8.805588,48
symex,interp-6,compile-reorder,y,NA,NA,NA,NA,NA,NA,NA,NA,NA,486.17,543,0.429312,23418,962.2680188400001,check-sat-assuming,962.267,0.00101884,0.603735,0.958163,7654,8.805588,48
symex,interp-6,compile-reorder,y,NA,NA,NA,NA,NA,NA,NA,NA,NA,484.35,544,0.427392,23418,954.268925035,check-sat-assuming,954.268,0.000925035,0.601971,0.959927,7677,8.805588,48
symex,interp-6,compile-reorder,y,NA,NA,NA,NA,NA,NA,NA,NA,NA,487.52,541,0.425856,23418,963.8108908089999,check-sat-assuming,963.81,0.000890809,0.599838,0.96206,7682,8.805588,48
symex,interp-6,compile-reorder,y,NA,NA,NA,NA,NA,NA,NA,NA,NA,484.93,543,0.428928,23418,956.458907718,check-sat-assuming,956.458,0.0009077180000000001,0.602375,0.959523,7663,8.805588,48
symex,interp-6,compile-unbatched,y,NA,NA,NA,0.81,646,0.335628,67.17,197,1.435028,198.77,114,0.29184,23418,157.83731035,check-sat-assuming,157.837,0.00031035000000000004,1.417408,0.144525,1380,8.116436,1
symex,interp-6,compile-unbatched,y,NA,NA,NA,0.82,607,0.311368,67.14,198,1.434116,196.32,115,0.290304,23418,155.042312912,check-sat-assuming,155.042,0.00031291200000000004,1.417408,0.144525,1380,8.116531,1
symex,interp-6,compile-unbatched,y,NA,NA,NA,NA,NA,NA,NA,NA,NA,243.88,112,0.289152,23418,202.53329349299997,check-sat-assuming,202.533,0.00029349300000000003,1.417408,0.144525,1380,8.116531,1
symex,interp-6,compile-unbatched,y,NA,NA,NA,NA,NA,NA,NA,NA,NA,199.82,114,0.290304,23418,158.559293177,check-sat-assuming,158.559,0.00029317700000000004,1.417408,0.144525,1380,8.116531,1
symex,interp-6,compile-unbatched,y,NA,NA,NA,NA,NA,NA,NA,NA,NA,201.36,115,0.28992,23418,159.642265595,check-sat-assuming,159.642,0.00026559500000000003,1.417408,0.144525,1380,8.116531,1
symex,interp-6,compile-unbatched,y,NA,NA,NA,NA,NA,NA,NA,NA,NA,27.56,909,0.369792,23418,173.3878529,check-sat-assuming,173.363,0.0248529,1.41387,0.148058,1404,8.120679,8
symex,interp-6,compile-unbatched,y,NA,NA,NA,NA,NA,NA,NA,NA,NA,27.73,900,0.359424,23418,175.35642,check-sat-assuming,173.174,2.18242,1.415121,0.146806,1396,8.121681,8
symex,interp-6,compile-unbatched,y,NA,NA,NA,NA,NA,NA,NA,NA,NA,27.92,899,0.357504,23418,177.42008,check-sat-assuming,175.322,2.09808,1.41391,0.148014,1406,8.12254,8
symex,interp-6,compile-unbatched,y,NA,NA,NA,NA,NA,NA,NA,NA,NA,27.59,902,0.356352,23418,174.76991999999998,check-sat-assuming,172.759,2.01092,1.414019,0.147904,1404,8.121475,8
symex,interp-6,compile-unbatched,y,NA,NA,NA,NA,NA,NA,NA,NA,NA,27.78,900,0.357888,23418,176.41361,check-sat-assuming,174.217,2.19661,1.415099,0.146828,1397,8.121438,8
symex,interp-6,compile-unbatched,y,NA,NA,NA,NA,NA,NA,NA,NA,NA,16.74,1727,0.432384,23418,196.768382,check-sat-assuming,196.45,0.318382,1.404281,0.157638,1462,8.122768,16
symex,interp-6,compile-unbatched,y,NA,NA,NA,NA,NA,NA,NA,NA,NA,16.41,1737,0.41472,23418,199.62793000000002,check-sat-assuming,193.58,6.04793,1.409814,0.152109,1427,8.123262,16
symex,interp-6,compile-unbatched,y,NA,NA,NA,NA,NA,NA,NA,NA,NA,16.38,1739,0.4224,23418,199.77546999999998,check-sat-assuming,193.576,6.19947,1.408969,0.152953,1436,8.123572,16
symex,interp-6,compile-unbatched,y,NA,NA,NA,NA,NA,NA,NA,NA,NA,16.31,1733,0.412032,23418,197.29,check-sat-assuming,191.23,6.06,1.409572,0.152354,1435,8.123957,16
symex,interp-6,compile-unbatched,y,NA,NA,NA,NA,NA,NA,NA,NA,NA,16.22,1762,0.415104,23418,199.34019,check-sat-assuming,193.799,5.541189999999999,1.410635,0.15129,1426,8.123399,16
symex,interp-6,compile-unbatched,y,NA,NA,NA,NA,NA,NA,NA,NA,NA,14.58,2487,0.499584,23418,246.816724,check-sat-assuming,246.541,0.27572399999999997,1.40217,0.159752,1460,8.123364,24
symex,interp-6,compile-unbatched,y,NA,NA,NA,NA,NA,NA,NA,NA,NA,13.99,2495,0.466176,23418,251.0066,check-sat-assuming,235.797,15.2096,1.402738,0.159186,1468,8.124965,24
symex,interp-6,compile-unbatched,y,NA,NA,NA,NA,NA,NA,NA,NA,NA,13.84,2522,0.479232,23418,250.0106,check-sat-assuming,236.859,13.1516,1.404233,0.15769,1457,8.124894,24
symex,interp-6,compile-unbatched,y,NA,NA,NA,NA,NA,NA,NA,NA,NA,14.05,2479,0.474624,23418,247.9966,check-sat-assuming,234.905,13.0916,1.402755,0.159169,1459,8.124722,24
symex,interp-6,compile-unbatched,y,NA,NA,NA,NA,NA,NA,NA,NA,NA,13.90,2494,0.46848,23418,246.3337,check-sat-assuming,232.009,14.3247,1.404786,0.157134,1463,8.125071,24
symex,interp-6,compile-unbatched,y,NA,NA,NA,NA,NA,NA,NA,NA,NA,13.62,3307,0.523392,23418,329.2382,check-sat-assuming,328.831,0.4072,1.394587,0.167321,1508,8.125416,32
symex,interp-6,compile-unbatched,y,NA,NA,NA,NA,NA,NA,NA,NA,NA,13.27,3167,0.474624,23418,329.7109,check-sat-assuming,303.765,25.9459,1.397304,0.164612,1511,8.123404,32
symex,interp-6,compile-unbatched,y,NA,NA,NA,NA,NA,NA,NA,NA,NA,13.34,3119,0.49152,23418,321.2174,check-sat-assuming,299.593,21.6244,1.400453,0.161463,1481,8.12618,32
symex,interp-6,compile-unbatched,n,NA,NA,NA,NA,NA,NA,NA,NA,NA,NA,NA,NA,NA,0,check-sat-assuming,NA,NA,NA,NA,NA,NA,32
symex,interp-6,compile-unbatched,y,NA,NA,NA,NA,NA,NA,NA,NA,NA,14.73,2867,0.482688,23418,328.13689999999997,check-sat-assuming,306.051,22.085900000000002,1.39717,0.164757,1501,8.127131,32
symex,interp-6,compile-unbatched,y,NA,NA,NA,NA,NA,NA,NA,NA,NA,15.60,3391,0.524928,23418,394.14164,check-sat-assuming,392.751,1.39064,1.385539,0.17637,1556,8.12517,40
symex,interp-6,compile-unbatched,y,NA,NA,NA,NA,NA,NA,NA,NA,NA,12.96,3739,0.506496,23418,386.1967,check-sat-assuming,353.85,32.3467,1.389986,0.171926,1539,8.126531,40
symex,interp-6,compile-unbatched,y,NA,NA,NA,NA,NA,NA,NA,NA,NA,14.55,3297,0.506496,23418,381.9209,check-sat-assuming,350.254,31.666900000000002,1.392094,0.16982,1516,8.129001,40
symex,interp-6,compile-unbatched,y,NA,NA,NA,NA,NA,NA,NA,NA,NA,13.73,3461,0.500736,23418,382.8958,check-sat-assuming,347.045,35.8508,1.391761,0.170142,1530,8.128543,40
symex,interp-6,compile-unbatched,y,NA,NA,NA,NA,NA,NA,NA,NA,NA,13.04,3635,0.500352,23418,377.5956,check-sat-assuming,343.903,33.6926,1.39171,0.170204,1532,8.127682,40
symex,interp-6,compile-unbatched,y,NA,NA,NA,0.83,636,0.340132,66.93,198,1.435232,13.17,4114,0.632064,23418,501.3606,check-sat-assuming,428.459,72.9016,1.366817,0.195621,1774,8.129219,48
symex,interp-6,compile-unbatched,y,NA,NA,NA,NA,NA,NA,NA,NA,NA,12.47,4227,0.521088,23418,460.0836,check-sat-assuming,409.608,50.4756,1.385256,0.176648,1571,8.129296,48
symex,interp-6,compile-unbatched,y,NA,NA,NA,NA,NA,NA,NA,NA,NA,12.41,4244,0.519168,23418,455.4762,check-sat-assuming,410.83,44.6462,1.388957,0.172945,1543,8.130613,48
symex,interp-6,compile-unbatched,y,NA,NA,NA,NA,NA,NA,NA,NA,NA,13.47,3939,0.511488,23418,457.8481,check-sat-assuming,412.329,45.5191,1.383817,0.178081,1581,8.126723,48
symex,interp-6,compile-unbatched,y,NA,NA,NA,NA,NA,NA,NA,NA,NA,14.07,3771,0.52608,23418,457.5542,check-sat-assuming,414.51,43.0442,1.383891,0.178013,1571,8.127252,48
symex,numbrix-sat,compile-reorder,y,NA,NA,NA,NA,NA,NA,NA,NA,NA,4.11,102,0.057216,97,3.7557924810000003,check-sat-assuming,3.75579,2.481e-06,0.00547,9.8e-05,0,0.180225,1
symex,numbrix-sat,compile-reorder,y,NA,NA,NA,NA,NA,NA,NA,NA,NA,4.86,102,0.058336,97,4.4953422110000005,check-sat-assuming,4.495340000000001,2.2109999999999997e-06,0.00547,9.8e-05,0,0.180225,1
symex,numbrix-sat,compile-reorder,y,NA,NA,NA,NA,NA,NA,NA,NA,NA,4.14,102,0.056796,97,3.775922244,check-sat-assuming,3.77592,2.244e-06,0.00547,9.8e-05,0,0.180225,1
symex,numbrix-sat,compile-reorder,y,NA,NA,NA,NA,NA,NA,NA,NA,NA,4.60,102,0.057984,97,4.237212768,check-sat-assuming,4.23721,2.768e-06,0.00547,9.8e-05,0,0.180225,1
symex,numbrix-sat,compile-reorder,y,NA,NA,NA,NA,NA,NA,NA,NA,NA,4.63,102,0.057912,97,4.266532181,check-sat-assuming,4.2665299999999995,2.1810000000000004e-06,0.00547,9.8e-05,0,0.180225,1
symex,numbrix-sat,compile-reorder,y,NA,NA,NA,NA,NA,NA,NA,NA,NA,16.08,137,0.058752,97,15.423003817,check-sat-assuming,15.423,3.817e-06,0.004917,0.000651,0,0.180225,8
symex,numbrix-sat,compile-reorder,y,NA,NA,NA,NA,NA,NA,NA,NA,NA,13.75,148,0.057216,97,13.008003443,check-sat-assuming,13.008,3.443e-06,0.004984,0.000584,0,0.180225,8
symex,numbrix-sat,compile-reorder,y,NA,NA,NA,NA,NA,NA,NA,NA,NA,16.06,141,0.0576,97,15.312203481000001,check-sat-assuming,15.3122,3.4810000000000002e-06,0.004912,0.000656,0,0.180225,8
symex,numbrix-sat,compile-reorder,y,NA,NA,NA,NA,NA,NA,NA,NA,NA,16.16,137,0.057984,97,15.498103082,check-sat-assuming,15.4981,3.0820000000000003e-06,0.004911,0.000657,0,0.180225,8
symex,numbrix-sat,compile-reorder,y,NA,NA,NA,NA,NA,NA,NA,NA,NA,15.79,138,0.059816,97,15.121003379000001,check-sat-assuming,15.121,3.379e-06,0.004921,0.000647,0,0.180225,8
symex,numbrix-sat,compile-reorder,y,NA,NA,NA,NA,NA,NA,NA,NA,NA,24.52,178,0.057984,97,23.40950352,check-sat-assuming,23.4095,3.52e-06,0.00437,0.001198,0,0.180225,16
symex,numbrix-sat,compile-reorder,y,NA,NA,NA,NA,NA,NA,NA,NA,NA,24.87,177,0.057216,97,23.758203580000004,check-sat-assuming,23.758200000000002,3.58e-06,0.004346,0.001222,0,0.180225,16
symex,numbrix-sat,compile-reorder,y,NA,NA,NA,NA,NA,NA,NA,NA,NA,22.76,172,0.057216,97,21.827604177999998,check-sat-assuming,21.827599999999997,4.1780000000000005e-06,0.004386,0.001182,0,0.180225,16
symex,numbrix-sat,compile-reorder,y,NA,NA,NA,NA,NA,NA,NA,NA,NA,23.47,182,0.058368,97,22.343903644,check-sat-assuming,22.3439,3.644e-06,0.004419,0.001149,0,0.180225,16
symex,numbrix-sat,compile-reorder,y,NA,NA,NA,NA,NA,NA,NA,NA,NA,23.28,182,0.056448,97,22.163503755,check-sat-assuming,22.1635,3.755e-06,0.004375,0.001193,0,0.180225,16
symex,numbrix-sat,compile-reorder,y,NA,NA,NA,NA,NA,NA,NA,NA,NA,26.67,244,0.05952,97,25.067804305,check-sat-assuming,25.0678,4.3049999999999994e-06,0.003994,0.001574,0,0.180225,24
symex,numbrix-sat,compile-reorder,y,NA,NA,NA,NA,NA,NA,NA,NA,NA,15.60,338,0.0576,97,14.079203152,check-sat-assuming,14.0792,3.152e-06,0.004494,0.001074,0,0.180225,24
symex,numbrix-sat,compile-reorder,y,NA,NA,NA,NA,NA,NA,NA,NA,NA,25.00,253,0.056832,97,23.410303724,check-sat-assuming,23.4103,3.724e-06,0.004053,0.001515,0,0.180225,24
symex,numbrix-sat,compile-reorder,y,NA,NA,NA,NA,NA,NA,NA,NA,NA,28.85,233,0.057216,97,27.264504048000003,check-sat-assuming,27.2645,4.048e-06,0.003961,0.001607,0,0.180225,24
symex,numbrix-sat,compile-reorder,y,NA,NA,NA,NA,NA,NA,NA,NA,NA,27.74,235,0.059904,97,26.204603827,check-sat-assuming,26.2046,3.827e-06,0.00404,0.001528,0,0.180225,24
symex,numbrix-sat,compile-reorder,y,NA,NA,NA,NA,NA,NA,NA,NA,NA,10.23,580,0.056832,97,8.776813472999999,check-sat-assuming,8.77681,3.473e-06,0.004957,0.000611,0,0.180225,32
symex,numbrix-sat,compile-reorder,y,NA,NA,NA,NA,NA,NA,NA,NA,NA,9.02,650,0.058752,97,7.560602669,check-sat-assuming,7.5606,2.6689999999999998e-06,0.005048,0.00052,0,0.180225,32
symex,numbrix-sat,compile-reorder,y,NA,NA,NA,NA,NA,NA,NA,NA,NA,8.51,693,0.057984,97,7.0307929289999995,check-sat-assuming,7.03079,2.9290000000000002e-06,0.005112,0.000456,0,0.180225,32
symex,numbrix-sat,compile-reorder,y,NA,NA,NA,NA,NA,NA,NA,NA,NA,10.42,574,0.056372,97,8.949502990000001,check-sat-assuming,8.9495,2.99e-06,0.004937,0.000631,0,0.180225,32
symex,numbrix-sat,compile-reorder,y,NA,NA,NA,NA,NA,NA,NA,NA,NA,9.65,634,0.058272,97,8.121503227,check-sat-assuming,8.1215,3.2269999999999998e-06,0.005,0.000568,0,0.180225,32
symex,numbrix-sat,compile-reorder,y,NA,NA,NA,NA,NA,NA,NA,NA,NA,9.54,780,0.057216,97,8.025732887999999,check-sat-assuming,8.02573,2.888e-06,0.005081,0.000487,0,0.180225,40
symex,numbrix-sat,compile-reorder,y,NA,NA,NA,NA,NA,NA,NA,NA,NA,9.21,639,0.056832,97,8.082582881,check-sat-assuming,8.08258,2.881e-06,0.005056,0.000512,0,0.180225,40
symex,numbrix-sat,compile-reorder,y,NA,NA,NA,NA,NA,NA,NA,NA,NA,7.56,958,0.056064,97,6.049592598,check-sat-assuming,6.04959,2.598e-06,0.005144,0.000424,0,0.180225,40
symex,numbrix-sat,compile-reorder,y,NA,NA,NA,NA,NA,NA,NA,NA,NA,8.45,684,0.056752,97,7.335653257999999,check-sat-assuming,7.335649999999999,3.258e-06,0.005168,0.0004,0,0.180225,40
symex,numbrix-sat,compile-reorder,y,NA,NA,NA,NA,NA,NA,NA,NA,NA,9.39,792,0.05872,97,7.872933032000001,check-sat-assuming,7.87293,3.032e-06,0.005072,0.000496,0,0.180225,40
symex,numbrix-sat,compile-reorder,y,NA,NA,NA,NA,NA,NA,NA,NA,NA,20.85,407,0.057948,97,19.431602995,check-sat-assuming,19.4316,2.9949999999999997e-06,0.004166,0.001402,0,0.180225,48
symex,numbrix-sat,compile-reorder,y,NA,NA,NA,NA,NA,NA,NA,NA,NA,24.26,367,0.056832,97,22.773204231999998,check-sat-assuming,22.7732,4.2319999999999995e-06,0.004009,0.001559,0,0.180225,48
symex,numbrix-sat,compile-reorder,y,NA,NA,NA,NA,NA,NA,NA,NA,NA,21.12,402,0.058752,97,19.687203921000002,check-sat-assuming,19.6872,3.921e-06,0.00405,0.001518,0,0.180225,48
symex,numbrix-sat,compile-reorder,y,NA,NA,NA,NA,NA,NA,NA,NA,NA,23.02,381,0.057976,97,21.547403815000003,check-sat-assuming,21.547400000000003,3.815e-06,0.004057,0.001511,0,0.180225,48
symex,numbrix-sat,compile-reorder,y,NA,NA,NA,NA,NA,NA,NA,NA,NA,22.66,381,0.059136,97,21.253703537000003,check-sat-assuming,21.253700000000002,3.537e-06,0.004223,0.001345,0,0.180225,48
symex,numbrix-sat,compile-unbatched,y,NA,NA,NA,NA,NA,NA,NA,NA,NA,5.52,102,0.062592,97,5.250692686,check-sat-assuming,5.25069,2.686e-06,0.00547,9.8e-05,0,0.165425,1
symex,numbrix-sat,compile-unbatched,y,NA,NA,NA,NA,NA,NA,NA,NA,NA,5.15,102,0.059904,97,4.8735127,check-sat-assuming,4.8735100000000005,2.7e-06,0.00547,9.8e-05,0,0.165335,1
symex,numbrix-sat,compile-unbatched,y,NA,NA,NA,NA,NA,NA,NA,NA,NA,5.19,102,0.061824,97,4.93051239,check-sat-assuming,4.93051,2.39e-06,0.00547,9.8e-05,0,0.165335,1
symex,numbrix-sat,compile-unbatched,y,NA,NA,NA,NA,NA,NA,NA,NA,NA,4.56,102,0.05952,97,4.301832504,check-sat-assuming,4.30183,2.504e-06,0.00547,9.8e-05,0,0.165335,1
symex,numbrix-sat,compile-unbatched,y,NA,NA,NA,NA,NA,NA,NA,NA,NA,5.44,102,0.06144,97,5.175442282,check-sat-assuming,5.17544,2.2820000000000003e-06,0.00547,9.8e-05,0,0.165335,1
symex,numbrix-sat,compile-unbatched,y,NA,NA,NA,NA,NA,NA,NA,NA,NA,11.02,138,0.057216,97,14.57068,check-sat-assuming,13.3524,1.21828,0.004913,0.000655,0,0.166491,8
symex,numbrix-sat,compile-unbatched,y,NA,NA,NA,NA,NA,NA,NA,NA,NA,12.05,131,0.056448,97,20.64422,check-sat-assuming,14.0151,6.6291199999999995,0.004939,0.000629,0,0.16638,8
symex,numbrix-sat,compile-unbatched,y,NA,NA,NA,NA,NA,NA,NA,NA,NA,11.67,135,0.057216,97,18.890520000000002,check-sat-assuming,13.9701,4.92042,0.004926,0.000642,0,0.166412,8
symex,numbrix-sat,compile-unbatched,y,NA,NA,NA,NA,NA,NA,NA,NA,NA,12.68,134,0.056832,97,21.84425,check-sat-assuming,15.2142,6.63005,0.004922,0.000646,0,0.166478,8
symex,numbrix-sat,compile-unbatched,y,NA,NA,NA,NA,NA,NA,NA,NA,NA,12.88,132,0.056832,97,20.48369,check-sat-assuming,15.1955,5.288189999999999,0.004924,0.000644,0,0.166343,8
symex,numbrix-sat,compile-unbatched,y,NA,NA,NA,NA,NA,NA,NA,NA,NA,18.10,133,0.0576,97,21.187828,check-sat-assuming,20.2333,0.954528,0.00444,0.001128,0,0.166584,16
symex,numbrix-sat,compile-unbatched,y,NA,NA,NA,NA,NA,NA,NA,NA,NA,14.49,151,0.059136,97,24.14897,check-sat-assuming,18.0854,6.0635699999999995,0.00451,0.001058,0,0.166294,16
symex,numbrix-sat,compile-unbatched,y,NA,NA,NA,NA,NA,NA,NA,NA,NA,18.38,135,0.057216,97,27.14145,check-sat-assuming,21.0727,6.06875,0.004454,0.001114,0,0.166379,16
symex,numbrix-sat,compile-unbatched,y,NA,NA,NA,NA,NA,NA,NA,NA,NA,17.02,140,0.0576,97,26.7239,check-sat-assuming,20.0207,6.7032,0.004384,0.001184,0,0.166271,16
symex,numbrix-sat,compile-unbatched,y,NA,NA,NA,NA,NA,NA,NA,NA,NA,15.16,143,0.056832,97,24.177220000000002,check-sat-assuming,17.967200000000002,6.21002,0.004551,0.001017,0,0.166334,16
symex,numbrix-sat,compile-unbatched,y,NA,NA,NA,NA,NA,NA,NA,NA,NA,16.21,157,0.058368,97,20.69319,check-sat-assuming,19.484,1.20919,0.004216,0.001352,0,0.166533,24
symex,numbrix-sat,compile-unbatched,y,NA,NA,NA,NA,NA,NA,NA,NA,NA,17.13,152,0.056448,97,25.17388,check-sat-assuming,19.9574,5.21648,0.004281,0.001287,0,0.166293,24
symex,numbrix-sat,compile-unbatched,y,NA,NA,NA,NA,NA,NA,NA,NA,NA,18.43,147,0.058368,97,26.49903,check-sat-assuming,21.1627,5.33633,0.004133,0.001435,0,0.166308,24
symex,numbrix-sat,compile-unbatched,y,NA,NA,NA,NA,NA,NA,NA,NA,NA,15.52,160,0.056832,97,24.72013,check-sat-assuming,18.9405,5.77963,0.004282,0.001286,0,0.166352,24
symex,numbrix-sat,compile-unbatched,y,NA,NA,NA,NA,NA,NA,NA,NA,NA,20.33,144,0.056832,97,29.015099999999997,check-sat-assuming,23.342599999999997,5.6725,0.004034,0.001534,0,0.166391,24
symex,numbrix-sat,compile-unbatched,y,NA,NA,NA,NA,NA,NA,NA,NA,NA,19.66,166,0.057984,97,26.27356,check-sat-assuming,23.595299999999998,2.6782600000000003,0.003877,0.001691,0,0.166548,32
symex,numbrix-sat,compile-unbatched,y,NA,NA,NA,NA,NA,NA,NA,NA,NA,21.47,154,0.057984,97,29.871499999999997,check-sat-assuming,24.3341,5.5374,0.003952,0.001616,0,0.166328,32
symex,numbrix-sat,compile-unbatched,y,NA,NA,NA,NA,NA,NA,NA,NA,NA,18.02,167,0.0576,97,27.943089999999998,check-sat-assuming,21.5325,6.41059,0.004001,0.001567,0,0.166358,32
symex,numbrix-sat,compile-unbatched,y,NA,NA,NA,NA,NA,NA,NA,NA,NA,17.07,167,0.058324,97,25.661170000000002,check-sat-assuming,20.0819,5.57927,0.004076,0.001492,0,0.166358,32
symex,numbrix-sat,compile-unbatched,y,NA,NA,NA,NA,NA,NA,NA,NA,NA,20.35,157,0.0576,97,31.44454,check-sat-assuming,23.0428,8.40174,0.003939,0.001629,0,0.166368,32
symex,numbrix-sat,compile-unbatched,y,NA,NA,NA,NA,NA,NA,NA,NA,NA,26.39,159,0.05952,97,32.89089,check-sat-assuming,29.6842,3.20669,0.003576,0.001992,0,0.166529,40
symex,numbrix-sat,compile-unbatched,y,NA,NA,NA,NA,NA,NA,NA,NA,NA,24.85,163,0.05752,97,36.96969,check-sat-assuming,28.358,8.611690000000001,0.003769,0.001799,0,0.166351,40
symex,numbrix-sat,compile-unbatched,y,NA,NA,NA,NA,NA,NA,NA,NA,NA,21.43,173,0.057984,97,36.3493,check-sat-assuming,24.827599999999997,11.521700000000001,0.003659,0.001909,0,0.1664,40
symex,numbrix-sat,compile-unbatched,y,NA,NA,NA,NA,NA,NA,NA,NA,NA,23.93,166,0.057216,97,36.461839999999995,check-sat-assuming,27.382099999999998,9.07974,0.003578,0.00199,0,0.166352,40
symex,numbrix-sat,compile-unbatched,y,NA,NA,NA,NA,NA,NA,NA,NA,NA,23.21,167,0.0576,97,32.44887,check-sat-assuming,26.6851,5.76377,0.003608,0.00196,0,0.166552,40
symex,numbrix-sat,compile-unbatched,y,NA,NA,NA,NA,NA,NA,NA,NA,NA,26.20,173,0.058332,97,33.712900000000005,check-sat-assuming,29.044900000000002,4.668,0.003373,0.002195,0,0.1668,48
symex,numbrix-sat,compile-unbatched,y,NA,NA,NA,NA,NA,NA,NA,NA,NA,20.90,195,0.05716,97,33.77295,check-sat-assuming,24.0841,9.68885,0.003721,0.001847,0,0.166309,48
symex,numbrix-sat,compile-unbatched,y,NA,NA,NA,NA,NA,NA,NA,NA,NA,21.30,194,0.057916,97,34.20678,check-sat-assuming,24.6064,9.60038,0.003759,0.001809,0,0.166382,48
symex,numbrix-sat,compile-unbatched,y,NA,NA,NA,NA,NA,NA,NA,NA,NA,21.03,192,0.058368,97,34.5405,check-sat-assuming,24.094,10.4465,0.003714,0.001854,0,0.1664,48
symex,numbrix-sat,compile-unbatched,y,NA,NA,NA,NA,NA,NA,NA,NA,NA,25.09,180,0.058368,97,39.8048,check-sat-assuming,28.6414,11.1634,0.003271,0.002297,0,0.166496,48
symex,prioqueue-6,compile-reorder,y,NA,NA,NA,NA,NA,NA,NA,NA,NA,231.76,103,2.748672,41524,173.34322092000002,check-sat-assuming,173.341,0.00222092,0.543144,0.445228,4195,100.549731,1
symex,prioqueue-6,compile-reorder,y,NA,NA,NA,NA,NA,NA,NA,NA,NA,231.62,103,2.753664,41524,173.51821861,check-sat-assuming,173.516,0.0022186099999999998,0.536101,0.452271,4261,100.549731,1
symex,prioqueue-6,compile-reorder,y,NA,NA,NA,NA,NA,NA,NA,NA,NA,233.79,103,2.754432,41524,175.58524089,check-sat-assuming,175.583,0.0022408899999999997,0.536101,0.452271,4261,100.549731,1
symex,prioqueue-6,compile-reorder,y,NA,NA,NA,NA,NA,NA,NA,NA,NA,232.24,103,2.753664,41524,174.42713315,check-sat-assuming,174.425,0.00213315,0.537767,0.450605,4248,100.549731,1
symex,prioqueue-6,compile-reorder,y,NA,NA,NA,NA,NA,NA,NA,NA,NA,233.41,103,2.75328,41524,175.51020525,check-sat-assuming,175.508,0.0022052499999999997,0.537767,0.450605,4248,100.549731,1
symex,prioqueue-6,compile-reorder,y,NA,NA,NA,NA,NA,NA,NA,NA,NA,93.92,614,2.757848,41524,239.48903708999998,check-sat-assuming,239.486,0.00303709,0.479793,0.508579,4776,100.549731,8
symex,prioqueue-6,compile-reorder,y,NA,NA,NA,NA,NA,NA,NA,NA,NA,93.56,617,2.756904,41524,238.64909056,check-sat-assuming,238.646,0.00309056,0.480379,0.507993,4764,100.549731,8
symex,prioqueue-6,compile-reorder,y,NA,NA,NA,NA,NA,NA,NA,NA,NA,93.46,616,2.759712,41524,237.91593712000002,check-sat-assuming,237.913,0.00293712,0.479415,0.508957,4774,100.549731,8
symex,prioqueue-6,compile-reorder,y,NA,NA,NA,NA,NA,NA,NA,NA,NA,93.33,614,2.757888,41524,239.07001208,check-sat-assuming,239.067,0.00301208,0.480052,0.50832,4773,100.549731,8
symex,prioqueue-6,compile-reorder,y,NA,NA,NA,NA,NA,NA,NA,NA,NA,93.44,616,2.758304,41524,239.31499785000003,check-sat-assuming,239.312,0.0029978500000000003,0.479871,0.508501,4769,100.549731,8
symex,prioqueue-6,compile-reorder,y,NA,NA,NA,NA,NA,NA,NA,NA,NA,95.84,1028,2.788948,41524,279.16653413,check-sat-assuming,279.163,0.0035341300000000003,0.469771,0.518601,4867,100.549731,16
symex,prioqueue-6,compile-reorder,y,NA,NA,NA,NA,NA,NA,NA,NA,NA,96.83,1026,2.788756,41524,281.81722277,check-sat-assuming,281.814,0.0032227700000000002,0.469881,0.518491,4860,100.549731,16
symex,prioqueue-6,compile-reorder,y,NA,NA,NA,NA,NA,NA,NA,NA,NA,96.37,1025,2.790536,41524,285.14439547,check-sat-assuming,285.141,0.00339547,0.469186,0.519186,4868,100.549731,16
symex,prioqueue-6,compile-reorder,y,NA,NA,NA,NA,NA,NA,NA,NA,NA,97.45,1023,2.78968,41524,287.31251799,check-sat-assuming,287.309,0.0035179900000000004,0.469831,0.518541,4862,100.549731,16
symex,prioqueue-6,compile-reorder,y,NA,NA,NA,NA,NA,NA,NA,NA,NA,95.92,1025,2.789532,41524,282.13740203000003,check-sat-assuming,282.134,0.00340203,0.470195,0.518177,4856,100.549731,16
symex,prioqueue-6,compile-reorder,y,NA,NA,NA,NA,NA,NA,NA,NA,NA,98.16,1418,2.824444,41524,291.45852231,check-sat-assuming,291.455,0.00352231,0.465842,0.52253,4893,100.549731,24
symex,prioqueue-6,compile-reorder,y,NA,NA,NA,NA,NA,NA,NA,NA,NA,98.33,1420,2.826448,41524,292.63463671999995,check-sat-assuming,292.631,0.00363672,0.46768,0.520692,4877,100.549731,24
symex,prioqueue-6,compile-reorder,y,NA,NA,NA,NA,NA,NA,NA,NA,NA,97.81,1424,2.827124,41524,292.78158433000004,check-sat-assuming,292.778,0.00358433,0.466323,0.522049,4895,100.549731,24
symex,prioqueue-6,compile-reorder,y,NA,NA,NA,NA,NA,NA,NA,NA,NA,98.14,1423,2.82642,41524,291.64359969,check-sat-assuming,291.64,0.00359969,0.466481,0.521891,4892,100.549731,24
symex,prioqueue-6,compile-reorder,y,NA,NA,NA,NA,NA,NA,NA,NA,NA,98.10,1426,2.82422,41524,293.86844143,check-sat-assuming,293.865,0.00344143,0.466919,0.521453,4889,100.549731,24
symex,prioqueue-6,compile-reorder,y,NA,NA,NA,NA,NA,NA,NA,NA,NA,100.18,1808,3.040004,41524,306.78152767,check-sat-assuming,306.778,0.00352767,0.465877,0.522495,4899,100.549731,32
symex,prioqueue-6,compile-reorder,y,NA,NA,NA,NA,NA,NA,NA,NA,NA,99.88,1818,3.052568,41524,306.69367053999997,check-sat-assuming,306.69,0.00367054,0.464826,0.523546,4905,100.549731,32
symex,prioqueue-6,compile-reorder,y,NA,NA,NA,NA,NA,NA,NA,NA,NA,100.29,1802,3.027784,41524,306.628429,check-sat-assuming,306.625,0.0034289999999999998,0.466147,0.522225,4895,100.549731,32
symex,prioqueue-6,compile-reorder,y,NA,NA,NA,NA,NA,NA,NA,NA,NA,100.22,1812,3.054752,41524,307.34056742,check-sat-assuming,307.337,0.00356742,0.466037,0.522335,4889,100.549731,32
symex,prioqueue-6,compile-reorder,y,NA,NA,NA,NA,NA,NA,NA,NA,NA,99.64,1816,3.038108,41524,306.17557023,check-sat-assuming,306.172,0.00357023,0.465156,0.523216,4898,100.549731,32
symex,prioqueue-6,compile-reorder,y,NA,NA,NA,NA,NA,NA,NA,NA,NA,103.41,2226,3.348636,41524,313.78253474999997,check-sat-assuming,313.779,0.0035347499999999997,0.465571,0.522801,4891,100.549731,40
symex,prioqueue-6,compile-reorder,y,NA,NA,NA,NA,NA,NA,NA,NA,NA,102.81,2236,3.33546,41524,314.98262678,check-sat-assuming,314.979,0.00362678,0.465173,0.523199,4892,100.549731,40
symex,prioqueue-6,compile-reorder,y,NA,NA,NA,NA,NA,NA,NA,NA,NA,103.26,2231,3.33416,41524,313.58856742,check-sat-assuming,313.585,0.00356742,0.465329,0.523043,4889,100.549731,40
symex,prioqueue-6,compile-reorder,y,NA,NA,NA,NA,NA,NA,NA,NA,NA,103.54,2225,3.13704,41524,313.04485618,check-sat-assuming,313.041,0.0038561800000000003,0.464103,0.524269,4907,100.549731,40
symex,prioqueue-6,compile-reorder,y,NA,NA,NA,NA,NA,NA,NA,NA,NA,103.43,2225,3.325188,41524,314.49060249,check-sat-assuming,314.487,0.00360249,0.46424,0.524132,4900,100.549731,40
symex,prioqueue-6,compile-reorder,y,NA,NA,NA,NA,NA,NA,NA,NA,NA,115.00,2540,3.6536,41524,244.00261197999998,check-sat-assuming,243.999,0.00361198,0.463412,0.52496,4911,100.549731,48
symex,prioqueue-6,compile-reorder,y,NA,NA,NA,NA,NA,NA,NA,NA,NA,113.88,2534,3.630988,41524,243.86963016,check-sat-assuming,243.866,0.00363016,0.465332,0.52304,4893,100.549731,48
symex,prioqueue-6,compile-reorder,y,NA,NA,NA,NA,NA,NA,NA,NA,NA,113.40,2554,3.597564,41524,243.97263138,check-sat-assuming,243.969,0.00363138,0.464591,0.523781,4899,100.549731,48
symex,prioqueue-6,compile-reorder,y,NA,NA,NA,NA,NA,NA,NA,NA,NA,113.84,2540,3.635952,41524,242.96166204,check-sat-assuming,242.958,0.00366204,0.465172,0.5232,4891,100.549731,48
symex,prioqueue-6,compile-reorder,y,NA,NA,NA,NA,NA,NA,NA,NA,NA,114.35,2530,3.631072,41524,243.23359363,check-sat-assuming,243.23,0.00359363,0.465156,0.523216,4889,100.549731,48
symex,prioqueue-6,compile-unbatched,y,NA,NA,NA,NA,NA,NA,NA,NA,NA,152.29,105,2.74752,41524,69.6979544,check-sat-assuming,69.6964,0.0015544,0.966755,0.021949,216,93.462771,1
symex,prioqueue-6,compile-unbatched,y,NA,NA,NA,NA,NA,NA,NA,NA,NA,150.88,105,2.745216,41524,68.99621738,check-sat-assuming,68.9948,0.00141738,0.966755,0.021949,216,93.462879,1
symex,prioqueue-6,compile-unbatched,y,NA,NA,NA,NA,NA,NA,NA,NA,NA,151.79,104,2.7456,41524,69.83008787,check-sat-assuming,69.8285,0.00158787,0.966755,0.021949,216,93.462879,1
symex,prioqueue-6,compile-unbatched,y,NA,NA,NA,NA,NA,NA,NA,NA,NA,150.24,105,2.746368,41524,68.70937939,check-sat-assuming,68.708,0.0013793899999999999,0.966755,0.021949,216,93.462879,1
symex,prioqueue-6,compile-unbatched,y,NA,NA,NA,NA,NA,NA,NA,NA,NA,151.35,105,2.745984,41524,69.16502555,check-sat-assuming,69.1636,0.00142555,0.966755,0.021949,216,93.462879,1
symex,prioqueue-6,compile-unbatched,y,NA,NA,NA,NA,NA,NA,NA,NA,NA,27.93,820,2.939912,41524,80.07215682000002,check-sat-assuming,80.06460000000001,0.00755682,0.964663,0.024041,231,93.457957,8
symex,prioqueue-6,compile-unbatched,y,NA,NA,NA,NA,NA,NA,NA,NA,NA,28.38,821,2.927544,41524,78.738448,check-sat-assuming,78.6025,0.135948,0.964717,0.023987,232,93.458046,8
symex,prioqueue-6,compile-unbatched,y,NA,NA,NA,NA,NA,NA,NA,NA,NA,27.98,820,2.931308,41524,78.61572500000001,check-sat-assuming,78.504,0.11172499999999999,0.965014,0.02369,227,93.459554,8
symex,prioqueue-6,compile-unbatched,y,NA,NA,NA,NA,NA,NA,NA,NA,NA,28.11,816,2.92708,41524,78.7027244,check-sat-assuming,78.62389999999999,0.0788244,0.964446,0.024258,232,93.459355,8
symex,prioqueue-6,compile-unbatched,y,NA,NA,NA,NA,NA,NA,NA,NA,NA,27.78,820,2.931148,41524,78.244446,check-sat-assuming,78.1092,0.135246,0.964839,0.023865,229,93.458862,8
symex,prioqueue-6,compile-unbatched,y,NA,NA,NA,NA,NA,NA,NA,NA,NA,23.05,1622,3.14428,41524,99.3994002,check-sat-assuming,99.3871,0.0123002,0.962341,0.026363,249,93.456891,16
symex,prioqueue-6,compile-unbatched,y,NA,NA,NA,NA,NA,NA,NA,NA,NA,22.48,1622,3.124956,41524,98.75236,check-sat-assuming,98.3162,0.43616000000000005,0.962568,0.026136,247,93.455374,16
symex,prioqueue-6,compile-unbatched,y,NA,NA,NA,NA,NA,NA,NA,NA,NA,22.83,1620,3.122072,41524,99.059929,check-sat-assuming,98.6906,0.369329,0.962871,0.025833,245,93.4539,16
symex,prioqueue-6,compile-unbatched,y,NA,NA,NA,NA,NA,NA,NA,NA,NA,22.66,1621,3.121184,41524,98.17206500000002,check-sat-assuming,97.77260000000001,0.39946499999999996,0.963102,0.025602,241,93.456201,16
symex,prioqueue-6,compile-unbatched,y,NA,NA,NA,NA,NA,NA,NA,NA,NA,22.63,1623,3.118536,41524,96.186509,check-sat-assuming,95.7611,0.425409,0.962353,0.026351,249,93.463203,16
symex,prioqueue-6,compile-unbatched,y,NA,NA,NA,NA,NA,NA,NA,NA,NA,21.71,2415,3.323708,41524,112.1153161,check-sat-assuming,112.058,0.0573161,0.960157,0.028547,264,93.449981,24
symex,prioqueue-6,compile-unbatched,y,NA,NA,NA,NA,NA,NA,NA,NA,NA,21.95,2414,3.295564,41524,112.588096,check-sat-assuming,111.746,0.842096,0.960678,0.028026,261,93.452735,24
symex,prioqueue-6,compile-unbatched,y,NA,NA,NA,NA,NA,NA,NA,NA,NA,21.38,2416,3.296932,41524,112.216263,check-sat-assuming,111.363,0.853263,0.959927,0.028777,267,93.455657,24
symex,prioqueue-6,compile-unbatched,y,NA,NA,NA,NA,NA,NA,NA,NA,NA,21.17,2413,3.297276,41524,113.558242,check-sat-assuming,112.762,0.796242,0.960086,0.028618,264,93.453877,24
symex,prioqueue-6,compile-unbatched,y,NA,NA,NA,NA,NA,NA,NA,NA,NA,21.20,2414,3.29486,41524,111.51457500000001,check-sat-assuming,110.677,0.8375750000000001,0.960556,0.028148,264,93.44841,24
symex,prioqueue-6,compile-unbatched,y,NA,NA,NA,NA,NA,NA,NA,NA,NA,20.15,3201,3.61254,41524,117.809805,check-sat-assuming,117.725,0.084805,0.957606,0.031098,287,93.453199,32
symex,prioqueue-6,compile-unbatched,y,NA,NA,NA,NA,NA,NA,NA,NA,NA,19.72,3202,3.590048,41524,118.61213000000001,check-sat-assuming,117.468,1.14413,0.956985,0.031719,293,93.458113,32
symex,prioqueue-6,compile-unbatched,y,NA,NA,NA,NA,NA,NA,NA,NA,NA,20.32,3199,3.563792,41524,118.50672,check-sat-assuming,117.211,1.29572,0.958885,0.029819,273,93.452165,32
symex,prioqueue-6,compile-unbatched,y,NA,NA,NA,NA,NA,NA,NA,NA,NA,20.13,3198,3.602272,41524,118.60587,check-sat-assuming,117.104,1.5018699999999998,0.957805,0.030899,283,93.453466,32
symex,prioqueue-6,compile-unbatched,y,NA,NA,NA,NA,NA,NA,NA,NA,NA,20.19,3197,3.467508,41524,118.81787,check-sat-assuming,117.57,1.2478699999999998,0.957485,0.031219,286,93.450469,32
symex,prioqueue-6,compile-unbatched,y,NA,NA,NA,NA,NA,NA,NA,NA,NA,19.04,3969,3.8738,41524,135.529052,check-sat-assuming,135.389,0.14005199999999998,0.9555,0.033204,300,93.451492,40
symex,prioqueue-6,compile-unbatched,y,NA,NA,NA,NA,NA,NA,NA,NA,NA,19.58,3961,3.968716,41524,137.85022,check-sat-assuming,136.131,1.71922,0.955287,0.033417,305,93.455935,40
symex,prioqueue-6,compile-unbatched,y,NA,NA,NA,NA,NA,NA,NA,NA,NA,19.02,3963,3.905812,41524,135.84371,check-sat-assuming,134.218,1.62571,0.956071,0.032633,294,93.455455,40
symex,prioqueue-6,compile-unbatched,y,NA,NA,NA,NA,NA,NA,NA,NA,NA,19.35,3968,3.807876,41524,138.13443,check-sat-assuming,136.199,1.93543,0.954693,0.034011,310,93.452859,40
symex,prioqueue-6,compile-unbatched,y,NA,NA,NA,NA,NA,NA,NA,NA,NA,19.51,3966,3.95976,41524,137.94744,check-sat-assuming,136.01,1.93744,0.955511,0.033193,301,93.45844,40
symex,prioqueue-6,compile-unbatched,y,NA,NA,NA,NA,NA,NA,NA,NA,NA,18.85,4661,4.153896,41524,45.35985,check-sat-assuming,43.0571,2.30275,0.954514,0.03437,305,93.466719,48
symex,prioqueue-6,compile-unbatched,y,NA,NA,NA,NA,NA,NA,NA,NA,NA,18.81,4657,4.261872,41524,49.32487,check-sat-assuming,46.3726,2.95227,0.952968,0.035736,319,93.461045,48
symex,prioqueue-6,compile-unbatched,y,NA,NA,NA,NA,NA,NA,NA,NA,NA,18.76,4663,4.263052,41524,45.26046,check-sat-assuming,42.437400000000004,2.82306,0.953064,0.03564,319,93.452101,48
symex,prioqueue-6,compile-unbatched,y,NA,NA,NA,NA,NA,NA,NA,NA,NA,18.72,4667,4.39922,41524,45.27342,check-sat-assuming,42.329,2.94442,0.953806,0.034898,310,93.45514,48
symex,prioqueue-6,compile-unbatched,y,NA,NA,NA,NA,NA,NA,NA,NA,NA,18.53,4667,4.297212,41524,43.31818,check-sat-assuming,40.7146,2.60358,0.953522,0.035182,315,93.459958,48
symex,shuffle-5,compile-reorder,y,NA,NA,NA,NA,NA,NA,NA,NA,NA,22.47,110,0.090624,3758,18.349439936,check-sat-assuming,18.3493,0.000139936,0.205458,8e-05,0,4.744557,1
symex,shuffle-5,compile-reorder,y,NA,NA,NA,NA,NA,NA,NA,NA,NA,22.84,110,0.09024,3758,18.695859646000002,check-sat-assuming,18.695700000000002,0.00015964600000000002,0.205458,8e-05,0,4.744557,1
symex,shuffle-5,compile-reorder,y,NA,NA,NA,NA,NA,NA,NA,NA,NA,23.13,110,0.09024,3758,18.9532377,check-sat-assuming,18.9531,0.00013769999999999999,0.205458,8e-05,0,4.744557,1
symex,shuffle-5,compile-reorder,y,NA,NA,NA,NA,NA,NA,NA,NA,NA,22.58,110,0.09024,3758,18.447035760000002,check-sat-assuming,18.446900000000003,0.00013576,0.205458,8e-05,0,4.744557,1
symex,shuffle-5,compile-reorder,y,NA,NA,NA,NA,NA,NA,NA,NA,NA,22.01,110,0.09024,3758,17.873238264999998,check-sat-assuming,17.873099999999997,0.000138265,0.205458,8e-05,0,4.744557,1
symex,shuffle-5,compile-reorder,y,NA,NA,NA,NA,NA,NA,NA,NA,NA,4.38,758,0.09408,3758,20.070648026000004,check-sat-assuming,20.070400000000003,0.000248026,0.204938,0.0006,0,4.744557,8
symex,shuffle-5,compile-reorder,y,NA,NA,NA,NA,NA,NA,NA,NA,NA,4.39,768,0.093696,3758,20.438726067,check-sat-assuming,20.4385,0.000226067,0.204938,0.0006,0,4.744557,8
symex,shuffle-5,compile-reorder,y,NA,NA,NA,NA,NA,NA,NA,NA,NA,4.18,792,0.093312,3758,19.876721047,check-sat-assuming,19.8765,0.00022104699999999999,0.204939,0.000599,0,4.744557,8
symex,shuffle-5,compile-reorder,y,NA,NA,NA,NA,NA,NA,NA,NA,NA,4.44,755,0.09408,3758,20.221332459,check-sat-assuming,20.2211,0.000232459,0.204939,0.000599,0,4.744557,8
symex,shuffle-5,compile-reorder,y,NA,NA,NA,NA,NA,NA,NA,NA,NA,4.26,780,0.09408,3758,19.858628329000002,check-sat-assuming,19.858400000000003,0.00022832900000000002,0.204941,0.000597,0,4.744557,8
symex,shuffle-5,compile-reorder,y,NA,NA,NA,NA,NA,NA,NA,NA,NA,3.84,1321,0.096384,3758,25.175977828,check-sat-assuming,25.1757,0.00027782800000000004,0.204353,0.001185,0,4.744557,16
symex,shuffle-5,compile-reorder,y,NA,NA,NA,NA,NA,NA,NA,NA,NA,3.73,1320,0.096,3758,24.312564074,check-sat-assuming,24.3123,0.000264074,0.204353,0.001185,0,4.744557,16
symex,shuffle-5,compile-reorder,y,NA,NA,NA,NA,NA,NA,NA,NA,NA,3.74,1336,0.094464,3758,25.454156469,check-sat-assuming,25.4539,0.000256469,0.204355,0.001183,0,4.744557,16
symex,shuffle-5,compile-reorder,y,NA,NA,NA,NA,NA,NA,NA,NA,NA,3.86,1289,0.095232,3758,25.217350958999997,check-sat-assuming,25.2171,0.000250959,0.204356,0.001182,0,4.744557,16
symex,shuffle-5,compile-reorder,y,NA,NA,NA,NA,NA,NA,NA,NA,NA,3.78,1309,0.094464,3758,24.86957026,check-sat-assuming,24.8693,0.00027026,0.204352,0.001186,0,4.744557,16
symex,shuffle-5,compile-reorder,y,NA,NA,NA,NA,NA,NA,NA,NA,NA,3.98,1780,0.099456,3758,29.423294752999997,check-sat-assuming,29.423,0.000294753,0.203766,0.001772,0,4.744557,24
symex,shuffle-5,compile-reorder,y,NA,NA,NA,NA,NA,NA,NA,NA,NA,3.77,1789,0.098688,3758,28.496283272,check-sat-assuming,28.496,0.00028327200000000005,0.203768,0.00177,0,4.744557,24
symex,shuffle-5,compile-reorder,y,NA,NA,NA,NA,NA,NA,NA,NA,NA,3.84,1756,0.098688,3758,28.600296508000003,check-sat-assuming,28.6,0.000296508,0.203769,0.001769,0,4.744557,24
symex,shuffle-5,compile-reorder,y,NA,NA,NA,NA,NA,NA,NA,NA,NA,3.80,1779,0.09792,3758,29.250097379,check-sat-assuming,29.2498,0.000297379,0.203768,0.00177,0,4.744557,24
symex,shuffle-5,compile-reorder,y,NA,NA,NA,NA,NA,NA,NA,NA,NA,3.64,1806,0.098304,3758,27.037396319,check-sat-assuming,27.0371,0.000296319,0.203769,0.001769,0,4.744557,24
symex,shuffle-5,compile-reorder,y,NA,NA,NA,NA,NA,NA,NA,NA,NA,3.74,2287,0.100224,3758,36.922427319,check-sat-assuming,36.9221,0.000327319,0.203189,0.002349,0,4.744557,32
symex,shuffle-5,compile-reorder,y,NA,NA,NA,NA,NA,NA,NA,NA,NA,4.13,2192,0.100992,3758,38.40602822699999,check-sat-assuming,38.405699999999996,0.000328227,0.203189,0.002349,0,4.744557,32
symex,shuffle-5,compile-reorder,y,NA,NA,NA,NA,NA,NA,NA,NA,NA,4.00,2231,0.09984,3758,36.970316464999996,check-sat-assuming,36.97,0.000316465,0.20319,0.002348,0,4.744557,32
symex,shuffle-5,compile-reorder,y,NA,NA,NA,NA,NA,NA,NA,NA,NA,3.91,2292,0.100992,3758,37.286820133,check-sat-assuming,37.2865,0.000320133,0.203189,0.002349,0,4.744557,32
symex,shuffle-5,compile-reorder,y,NA,NA,NA,NA,NA,NA,NA,NA,NA,3.91,2304,0.100224,3758,37.97851508699999,check-sat-assuming,37.978199999999994,0.00031508700000000003,0.203186,0.002352,0,4.744557,32
symex,shuffle-5,compile-reorder,y,NA,NA,NA,NA,NA,NA,NA,NA,NA,3.81,2697,0.104064,3758,41.505667219,check-sat-assuming,41.505300000000005,0.000367219,0.202612,0.002926,0,4.744557,40
symex,shuffle-5,compile-reorder,y,NA,NA,NA,NA,NA,NA,NA,NA,NA,3.98,2727,0.104064,3758,41.694443049,check-sat-assuming,41.6941,0.000343049,0.20261,0.002928,0,4.744557,40
symex,shuffle-5,compile-reorder,y,NA,NA,NA,NA,NA,NA,NA,NA,NA,4.16,2592,0.104448,3758,40.952836902,check-sat-assuming,40.9525,0.000336902,0.202608,0.00293,0,4.744557,40
symex,shuffle-5,compile-reorder,y,NA,NA,NA,NA,NA,NA,NA,NA,NA,4.06,2654,0.104064,3758,40.998536117,check-sat-assuming,40.9982,0.000336117,0.202608,0.00293,0,4.744557,40
symex,shuffle-5,compile-reorder,y,NA,NA,NA,NA,NA,NA,NA,NA,NA,4.05,2688,0.104448,3758,41.956335198000005,check-sat-assuming,41.956,0.000335198,0.20261,0.002928,0,4.744557,40
symex,shuffle-5,compile-reorder,y,NA,NA,NA,NA,NA,NA,NA,NA,NA,4.29,2934,0.106368,3758,38.579041131,check-sat-assuming,38.5787,0.000341131,0.20204,0.003498,0,4.744557,48
symex,shuffle-5,compile-reorder,y,NA,NA,NA,NA,NA,NA,NA,NA,NA,4.48,2957,0.104064,3758,37.79646970099999,check-sat-assuming,37.796099999999996,0.000369701,0.202032,0.003506,0,4.744557,48
symex,shuffle-5,compile-reorder,y,NA,NA,NA,NA,NA,NA,NA,NA,NA,4.37,3017,0.104448,3758,38.122583422,check-sat-assuming,38.1222,0.00038342199999999996,0.202037,0.003501,0,4.744557,48
symex,shuffle-5,compile-reorder,y,NA,NA,NA,NA,NA,NA,NA,NA,NA,4.30,3109,0.105984,3758,37.634056087,check-sat-assuming,37.6337,0.000356087,0.202039,0.003499,0,4.744557,48
symex,shuffle-5,compile-reorder,y,NA,NA,NA,NA,NA,NA,NA,NA,NA,4.36,3073,0.1056,3758,37.861665831,check-sat-assuming,37.8613,0.000365831,0.202035,0.003503,0,4.744557,48
symex,shuffle-5,compile-unbatched,y,NA,NA,NA,NA,NA,NA,NA,NA,NA,23.08,110,0.105984,3758,17.310360277999997,check-sat-assuming,17.31,0.000360278,0.205458,8e-05,0,4.378163,1
symex,shuffle-5,compile-unbatched,y,NA,NA,NA,NA,NA,NA,NA,NA,NA,22.45,110,0.105216,3758,16.864165217999997,check-sat-assuming,16.863799999999998,0.000365218,0.205458,8e-05,0,4.378143,1
symex,shuffle-5,compile-unbatched,y,NA,NA,NA,NA,NA,NA,NA,NA,NA,22.38,110,0.1056,3758,16.784740398,check-sat-assuming,16.7844,0.000340398,0.205458,8e-05,0,4.378143,1
symex,shuffle-5,compile-unbatched,y,NA,NA,NA,NA,NA,NA,NA,NA,NA,22.87,110,0.1056,3758,17.172531271,check-sat-assuming,17.1722,0.000331271,0.205458,8e-05,0,4.378143,1
symex,shuffle-5,compile-unbatched,y,NA,NA,NA,NA,NA,NA,NA,NA,NA,22.10,110,0.1056,3758,16.494321162,check-sat-assuming,16.494,0.000321162,0.205458,8e-05,0,4.378143,1
symex,shuffle-5,compile-unbatched,y,NA,NA,NA,NA,NA,NA,NA,NA,NA,3.31,834,0.129792,3758,17.954865700000003,check-sat-assuming,17.9019,0.0529657,0.204968,0.00057,0,4.378615,8
symex,shuffle-5,compile-unbatched,y,NA,NA,NA,NA,NA,NA,NA,NA,NA,3.33,833,0.129024,3758,18.214029999999998,check-sat-assuming,18.0921,0.12193000000000001,0.204975,0.000563,0,4.378917,8
symex,shuffle-5,compile-unbatched,y,NA,NA,NA,NA,NA,NA,NA,NA,NA,3.43,830,0.12864,3758,18.835632,check-sat-assuming,18.6918,0.143832,0.204961,0.000577,0,4.379106,8
symex,shuffle-5,compile-unbatched,y,NA,NA,NA,NA,NA,NA,NA,NA,NA,3.34,828,0.127872,3758,18.057774000000002,check-sat-assuming,17.9113,0.146474,0.204967,0.000571,0,4.379089,8
symex,shuffle-5,compile-unbatched,y,NA,NA,NA,NA,NA,NA,NA,NA,NA,3.31,831,0.127872,3758,17.98844,check-sat-assuming,17.8675,0.12093999999999999,0.204974,0.000564,0,4.37897,8
symex,shuffle-5,compile-unbatched,y,NA,NA,NA,NA,NA,NA,NA,NA,NA,2.27,1566,0.152064,3758,22.3232613,check-sat-assuming,22.290599999999998,0.0326613,0.204419,0.001119,0,4.379661,16
symex,shuffle-5,compile-unbatched,y,NA,NA,NA,NA,NA,NA,NA,NA,NA,2.30,1529,0.14976,3758,22.534253,check-sat-assuming,22.0616,0.47265300000000005,0.204418,0.00112,0,4.380135,16
symex,shuffle-5,compile-unbatched,y,NA,NA,NA,NA,NA,NA,NA,NA,NA,2.33,1535,0.151296,3758,22.876170000000002,check-sat-assuming,22.4313,0.44487,0.204418,0.00112,0,4.380188,16
symex,shuffle-5,compile-unbatched,y,NA,NA,NA,NA,NA,NA,NA,NA,NA,2.30,1514,0.150528,3758,22.166019,check-sat-assuming,21.7332,0.432819,0.204396,0.001142,0,4.380269,16
symex,shuffle-5,compile-unbatched,y,NA,NA,NA,NA,NA,NA,NA,NA,NA,2.32,1509,0.151296,3758,22.408154,check-sat-assuming,21.9112,0.496954,0.204411,0.001127,0,4.380124,16
symex,shuffle-5,compile-unbatched,y,NA,NA,NA,NA,NA,NA,NA,NA,NA,2.04,2194,0.17664,3758,28.6647738,check-sat-assuming,28.5944,0.0703738,0.203852,0.001686,0,4.380633,24
symex,shuffle-5,compile-unbatched,y,NA,NA,NA,NA,NA,NA,NA,NA,NA,2.03,2166,0.173952,3758,28.613782,check-sat-assuming,27.849700000000002,0.764082,0.20388,0.001658,0,4.380899,24
symex,shuffle-5,compile-unbatched,y,NA,NA,NA,NA,NA,NA,NA,NA,NA,2.07,2141,0.174336,3758,29.057616000000003,check-sat-assuming,28.2829,0.774716,0.203877,0.001661,0,4.381334,24
symex,shuffle-5,compile-unbatched,y,NA,NA,NA,NA,NA,NA,NA,NA,NA,2.05,2170,0.171648,3758,29.15018,check-sat-assuming,28.4314,0.71878,0.203878,0.00166,0,4.381191,24
symex,shuffle-5,compile-unbatched,y,NA,NA,NA,NA,NA,NA,NA,NA,NA,2.14,2103,0.17088,3758,30.04157,check-sat-assuming,29.0065,1.03507,0.203854,0.001684,0,4.381495,24
symex,shuffle-5,compile-unbatched,y,NA,NA,NA,NA,NA,NA,NA,NA,NA,1.84,2897,0.196608,3758,32.9690308,check-sat-assuming,32.9264,0.0426308,0.203323,0.002215,0,4.381165,32
symex,shuffle-5,compile-unbatched,y,NA,NA,NA,NA,NA,NA,NA,NA,NA,1.91,2705,0.187008,3758,33.34798,check-sat-assuming,32.0558,1.29218,0.203311,0.002227,0,4.382561,32
symex,shuffle-5,compile-unbatched,y,NA,NA,NA,NA,NA,NA,NA,NA,NA,1.89,2734,0.192768,3758,33.91645,check-sat-assuming,32.5717,1.34475,0.203332,0.002206,0,4.38253,32
symex,shuffle-5,compile-unbatched,y,NA,NA,NA,NA,NA,NA,NA,NA,NA,1.93,2694,0.193536,3758,33.63798,check-sat-assuming,32.3711,1.26688,0.203364,0.002174,0,4.382168,32
symex,shuffle-5,compile-unbatched,y,NA,NA,NA,NA,NA,NA,NA,NA,NA,1.97,2610,0.193536,3758,33.37321,check-sat-assuming,32.0916,1.28161,0.203308,0.00223,0,4.382194,32
symex,shuffle-5,compile-unbatched,y,NA,NA,NA,NA,NA,NA,NA,NA,NA,1.94,3288,0.20928,3758,38.707921999999996,check-sat-assuming,38.5736,0.134322,0.202771,0.002767,0,4.38233,40
symex,shuffle-5,compile-unbatched,y,NA,NA,NA,NA,NA,NA,NA,NA,NA,1.90,3209,0.19968,3758,39.11107,check-sat-assuming,37.3257,1.78537,0.202808,0.00273,0,4.383773,40
symex,shuffle-5,compile-unbatched,y,NA,NA,NA,NA,NA,NA,NA,NA,NA,1.87,3262,0.205824,3758,39.51357,check-sat-assuming,37.5705,1.9430699999999999,0.202781,0.002757,0,4.383504,40
symex,shuffle-5,compile-unbatched,y,NA,NA,NA,NA,NA,NA,NA,NA,NA,1.93,3176,0.208512,3758,38.84778,check-sat-assuming,37.2248,1.62298,0.202805,0.002733,0,4.383007,40
symex,shuffle-5,compile-unbatched,y,NA,NA,NA,NA,NA,NA,NA,NA,NA,1.92,3144,0.211584,3758,38.83543,check-sat-assuming,36.8864,1.94903,0.202829,0.002709,0,4.383273,40
symex,shuffle-5,compile-unbatched,y,NA,NA,NA,NA,NA,NA,NA,NA,NA,2.02,3479,0.25152,3758,47.84805,check-sat-assuming,44.8295,3.0185500000000003,0.202375,0.003163,0,4.38319,48
symex,shuffle-5,compile-unbatched,y,NA,NA,NA,NA,NA,NA,NA,NA,NA,1.97,3499,0.220408,3758,46.73052,check-sat-assuming,43.755199999999995,2.97532,0.202276,0.003262,0,4.384468,48
symex,shuffle-5,compile-unbatched,y,NA,NA,NA,NA,NA,NA,NA,NA,NA,2.04,3466,0.22464,3758,47.47752,check-sat-assuming,44.2945,3.18302,0.202277,0.003261,0,4.384605,48
symex,shuffle-5,compile-unbatched,y,NA,NA,NA,NA,NA,NA,NA,NA,NA,1.93,3666,0.227708,3758,47.43148,check-sat-assuming,44.698,2.73348,0.202273,0.003265,0,4.384318,48
symex,shuffle-5,compile-unbatched,y,NA,NA,NA,NA,NA,NA,NA,NA,NA,2.00,3560,0.225792,3758,47.246080000000006,check-sat-assuming,44.782300000000006,2.4637800000000003,0.202311,0.003227,0,4.383902,48
symex,sort-7,compile-reorder,y,NA,NA,NA,NA,NA,NA,NA,NA,NA,795.68,105,6.288384,224504,638.8321296,check-sat-assuming,638.83,0.0021295999999999997,4.491401,0.695595,6828,327.071747,1
symex,sort-7,compile-reorder,y,NA,NA,NA,NA,NA,NA,NA,NA,NA,780.00,105,6.286464,224504,623.06000724,check-sat-assuming,623.058,0.00200724,4.498101,0.688895,6761,327.071747,1
symex,sort-7,compile-reorder,y,NA,NA,NA,NA,NA,NA,NA,NA,NA,787.10,105,6.286848,224504,630.56503899,check-sat-assuming,630.563,0.00203899,4.493486,0.69351,6807,327.071747,1
symex,sort-7,compile-reorder,y,NA,NA,NA,NA,NA,NA,NA,NA,NA,782.74,105,6.28608,224504,625.1100021999999,check-sat-assuming,625.108,0.0020022,4.493486,0.69351,6807,327.071747,1
symex,sort-7,compile-reorder,y,NA,NA,NA,NA,NA,NA,NA,NA,NA,780.78,105,6.286848,224504,625.05704507,check-sat-assuming,625.055,0.00204507,4.493486,0.69351,6807,327.071747,1
symex,sort-7,compile-reorder,y,NA,NA,NA,NA,NA,NA,NA,NA,NA,122.46,818,6.453028,224504,685.27945376,check-sat-assuming,685.277,0.00245376,4.465958,0.721038,7071,327.071747,8
symex,sort-7,compile-reorder,y,NA,NA,NA,NA,NA,NA,NA,NA,NA,122.66,816,6.45668,224504,684.89734593,check-sat-assuming,684.895,0.00234593,4.467608,0.719388,7053,327.071747,8
symex,sort-7,compile-reorder,y,NA,NA,NA,NA,NA,NA,NA,NA,NA,122.57,815,6.456092,224504,682.19327716,check-sat-assuming,682.191,0.00227716,4.467009,0.719987,7061,327.071747,8
symex,sort-7,compile-reorder,y,NA,NA,NA,NA,NA,NA,NA,NA,NA,122.89,817,6.457656,224504,687.78031902,check-sat-assuming,687.778,0.00231902,4.467489,0.719507,7056,327.071747,8
symex,sort-7,compile-reorder,y,NA,NA,NA,NA,NA,NA,NA,NA,NA,122.48,819,6.4558,224504,689.62936796,check-sat-assuming,689.627,0.00236796,4.466364,0.720632,7070,327.071747,8
symex,sort-7,compile-reorder,y,NA,NA,NA,NA,NA,NA,NA,NA,NA,81.94,1581,6.521456,224504,792.57268662,check-sat-assuming,792.57,0.00268662,4.461416,0.72558,7108,327.071747,16
symex,sort-7,compile-reorder,y,NA,NA,NA,NA,NA,NA,NA,NA,NA,81.90,1588,6.522144,224504,795.15754726,check-sat-assuming,795.155,0.00254726,4.458473,0.728523,7140,327.071747,16
symex,sort-7,compile-reorder,y,NA,NA,NA,NA,NA,NA,NA,NA,NA,81.70,1586,6.5283,224504,790.71351693,check-sat-assuming,790.711,0.0025169299999999997,4.460295,0.726701,7121,327.071747,16
symex,sort-7,compile-reorder,y,NA,NA,NA,NA,NA,NA,NA,NA,NA,81.51,1591,6.524508,224504,791.13443933,check-sat-assuming,791.132,0.00243933,4.458497,0.728499,7140,327.071747,16
symex,sort-7,compile-reorder,y,NA,NA,NA,NA,NA,NA,NA,NA,NA,81.40,1592,6.527384,224504,790.48364247,check-sat-assuming,790.481,0.00264247,4.459711,0.727285,7126,327.071747,16
symex,sort-7,compile-reorder,y,NA,NA,NA,NA,NA,NA,NA,NA,NA,71.75,2339,6.587384,224504,949.64894004,check-sat-assuming,949.646,0.00294004,4.45064,0.736356,7211,327.071747,24
symex,sort-7,compile-reorder,y,NA,NA,NA,NA,NA,NA,NA,NA,NA,70.98,2363,6.606128,224504,945.58168343,check-sat-assuming,945.579,0.00268343,4.452263,0.734733,7196,327.071747,24
symex,sort-7,compile-reorder,y,NA,NA,NA,NA,NA,NA,NA,NA,NA,71.40,2350,6.602908,224504,949.88280352,check-sat-assuming,949.88,0.00280352,4.451413,0.735583,7204,327.071747,24
symex,sort-7,compile-reorder,y,NA,NA,NA,NA,NA,NA,NA,NA,NA,70.95,2363,6.598336,224504,945.68980533,check-sat-assuming,945.687,0.00280533,4.451743,0.735253,7198,327.071747,24
symex,sort-7,compile-reorder,y,NA,NA,NA,NA,NA,NA,NA,NA,NA,71.89,2337,6.598592,224504,953.7308268099999,check-sat-assuming,953.728,0.00282681,4.449008,0.737988,7226,327.071747,24
symex,sort-7,compile-reorder,y,NA,NA,NA,NA,NA,NA,NA,NA,NA,70.98,3042,6.667436,224504,1232.82293142,check-sat-assuming,1232.82,0.00293142,4.446962,0.740034,7243,327.071747,32
symex,sort-7,compile-reorder,y,NA,NA,NA,NA,NA,NA,NA,NA,NA,71.23,3035,6.672688,224504,1232.60293353,check-sat-assuming,1232.6,0.00293353,4.446222,0.740774,7249,327.071747,32
symex,sort-7,compile-reorder,y,NA,NA,NA,NA,NA,NA,NA,NA,NA,71.45,3033,6.67162,224504,1233.23261393,check-sat-assuming,1233.23,0.00261393,4.447597,0.739399,7233,327.071747,32
symex,sort-7,compile-reorder,y,NA,NA,NA,NA,NA,NA,NA,NA,NA,71.75,3022,6.665436,224504,1239.46264841,check-sat-assuming,1239.46,0.0026484100000000003,4.447644,0.739352,7232,327.071747,32
symex,sort-7,compile-reorder,y,NA,NA,NA,NA,NA,NA,NA,NA,NA,70.91,3051,6.67162,224504,1237.54273047,check-sat-assuming,1237.54,0.00273047,4.446849,0.740147,7243,327.071747,32
symex,sort-7,compile-reorder,y,NA,NA,NA,NA,NA,NA,NA,NA,NA,69.20,3735,6.72676,224504,1438.6333172500001,check-sat-assuming,1438.63,0.00331725,4.440316,0.74668,7299,327.071747,40
symex,sort-7,compile-reorder,y,NA,NA,NA,NA,NA,NA,NA,NA,NA,69.02,3720,6.732912,224504,1425.272916,check-sat-assuming,1425.27,0.0029159999999999998,4.443799,0.743197,7267,327.071747,40
symex,sort-7,compile-reorder,y,NA,NA,NA,NA,NA,NA,NA,NA,NA,69.68,3684,6.736292,224504,1426.8330095,check-sat-assuming,1426.83,0.0030095,4.441109,0.745887,7293,327.071747,40
symex,sort-7,compile-reorder,y,NA,NA,NA,NA,NA,NA,NA,NA,NA,69.73,3666,6.735012,224504,1417.0831066599999,check-sat-assuming,1417.08,0.0031066600000000002,4.444257,0.742739,7263,327.071747,40
symex,sort-7,compile-reorder,y,NA,NA,NA,NA,NA,NA,NA,NA,NA,69.51,3697,6.730656,224504,1428.94303051,check-sat-assuming,1428.94,0.00303051,4.4434,0.743596,7273,327.071747,40
symex,sort-7,compile-reorder,y,NA,NA,NA,NA,NA,NA,NA,NA,NA,71.75,4281,6.804004,224504,1592.27339801,check-sat-assuming,1592.27,0.0033980100000000004,4.439456,0.74754,7303,327.071747,48
symex,sort-7,compile-reorder,y,NA,NA,NA,NA,NA,NA,NA,NA,NA,70.47,4335,6.814228,224504,1590.19317997,check-sat-assuming,1590.19,0.00317997,4.440314,0.746682,7295,327.071747,48
symex,sort-7,compile-reorder,y,NA,NA,NA,NA,NA,NA,NA,NA,NA,70.71,4322,6.810236,224504,1581.76327019,check-sat-assuming,1581.76,0.00327019,4.44012,0.746876,7296,327.071747,48
symex,sort-7,compile-reorder,y,NA,NA,NA,NA,NA,NA,NA,NA,NA,70.74,4327,6.802248,224504,1583.5432340099999,check-sat-assuming,1583.54,0.00323401,4.437722,0.749274,7323,327.071747,48
symex,sort-7,compile-reorder,y,NA,NA,NA,NA,NA,NA,NA,NA,NA,71.11,4307,6.815224,224504,1580.16307445,check-sat-assuming,1580.16,0.0030744500000000003,4.442208,0.744788,7274,327.071747,48
symex,sort-7,compile-unbatched,y,NA,NA,NA,NA,NA,NA,NA,NA,NA,592.49,107,6.60672,224504,312.38592306000004,check-sat-assuming,312.384,0.00192306,5.171065,0.015947,156,305.283688,1
symex,sort-7,compile-unbatched,y,NA,NA,NA,NA,NA,NA,NA,NA,NA,593.63,107,6.605952,224504,313.40063241,check-sat-assuming,313.399,0.00163241,5.171061,0.015951,156,305.283605,1
symex,sort-7,compile-unbatched,y,NA,NA,NA,NA,NA,NA,NA,NA,NA,594.28,107,6.605952,224504,315.43286894,check-sat-assuming,315.431,0.0018689400000000001,5.171061,0.015951,156,305.283605,1
symex,sort-7,compile-unbatched,y,NA,NA,NA,NA,NA,NA,NA,NA,NA,587.81,107,6.605568,224504,311.91678937,check-sat-assuming,311.915,0.00178937,5.171065,0.015947,156,305.283605,1
symex,sort-7,compile-unbatched,y,NA,NA,NA,NA,NA,NA,NA,NA,NA,587.99,107,6.605184,224504,312.21886249,check-sat-assuming,312.217,0.00186249,5.171061,0.015951,156,305.283605,1
symex,sort-7,compile-unbatched,y,NA,NA,NA,NA,NA,NA,NA,NA,NA,113.47,828,6.786116,224504,364.24712133,check-sat-assuming,364.245,0.00212133,5.165199,0.021813,208,305.281634,8
symex,sort-7,compile-unbatched,y,NA,NA,NA,NA,NA,NA,NA,NA,NA,115.26,835,6.738488,224504,360.2184004,check-sat-assuming,360.173,0.0454004,5.164935,0.022077,212,305.285199,8
symex,sort-7,compile-unbatched,y,NA,NA,NA,NA,NA,NA,NA,NA,NA,112.94,828,6.791532,224504,363.01069889999997,check-sat-assuming,362.998,0.0126989,5.165364,0.021648,206,305.28249,8
symex,sort-7,compile-unbatched,y,NA,NA,NA,NA,NA,NA,NA,NA,NA,113.37,824,6.79032,224504,357.2124239,check-sat-assuming,357.142,0.0704239,5.165647,0.021365,204,305.284264,8
symex,sort-7,compile-unbatched,y,NA,NA,NA,NA,NA,NA,NA,NA,NA,113.25,834,6.785668,224504,361.1572486,check-sat-assuming,361.123,0.034248600000000004,5.164966,0.022046,211,305.284974,8
symex,sort-7,compile-unbatched,y,NA,NA,NA,NA,NA,NA,NA,NA,NA,93.20,1641,6.863284,224504,475.21554430000003,check-sat-assuming,475.192,0.0235443,5.157937,0.029075,274,305.286071,16
symex,sort-7,compile-unbatched,y,NA,NA,NA,NA,NA,NA,NA,NA,NA,94.09,1643,6.863772,224504,471.977884,check-sat-assuming,471.829,0.148884,5.157682,0.02933,276,305.285478,16
symex,sort-7,compile-unbatched,y,NA,NA,NA,NA,NA,NA,NA,NA,NA,93.01,1642,6.864192,224504,472.43426300000004,check-sat-assuming,472.141,0.293263,5.159626,0.027386,257,305.284746,16
symex,sort-7,compile-unbatched,y,NA,NA,NA,NA,NA,NA,NA,NA,NA,93.42,1632,6.862928,224504,472.318419,check-sat-assuming,472.187,0.131419,5.162524,0.024488,229,305.285928,16
symex,sort-7,compile-unbatched,y,NA,NA,NA,NA,NA,NA,NA,NA,NA,95.05,1641,6.86466,224504,470.548269,check-sat-assuming,470.383,0.165269,5.161847,0.025165,236,305.285405,16
symex,sort-7,compile-unbatched,y,NA,NA,NA,NA,NA,NA,NA,NA,NA,85.91,2449,7.022816,224504,540.6040928,check-sat-assuming,540.583,0.021092800000000002,5.151587,0.035425,330,305.285921,24
symex,sort-7,compile-unbatched,y,NA,NA,NA,NA,NA,NA,NA,NA,NA,86.24,2450,7.012864,224504,541.145243,check-sat-assuming,541.038,0.10724299999999999,5.151986,0.035026,329,305.2852,24
symex,sort-7,compile-unbatched,y,NA,NA,NA,NA,NA,NA,NA,NA,NA,93.00,2425,6.981476,224504,540.033738,check-sat-assuming,539.727,0.306738,5.15447,0.032542,302,305.286257,24
symex,sort-7,compile-unbatched,y,NA,NA,NA,NA,NA,NA,NA,NA,NA,86.28,2436,7.001464,224504,531.029841,check-sat-assuming,530.725,0.30484100000000003,5.155179,0.031833,295,305.287007,24
symex,sort-7,compile-unbatched,y,NA,NA,NA,NA,NA,NA,NA,NA,NA,88.12,2448,7.022512,224504,540.196446,check-sat-assuming,539.899,0.29744600000000004,5.15498,0.032032,296,305.286409,24
symex,sort-7,compile-unbatched,y,NA,NA,NA,NA,NA,NA,NA,NA,NA,81.58,3202,7.158372,224504,590.3868933,check-sat-assuming,590.341,0.045893300000000005,5.15011,0.036902,339,305.286532,32
symex,sort-7,compile-unbatched,y,NA,NA,NA,NA,NA,NA,NA,NA,NA,82.29,3254,7.140424,224504,586.8769689999999,check-sat-assuming,586.415,0.461969,5.152221,0.034791,318,305.28726,32
symex,sort-7,compile-unbatched,y,NA,NA,NA,NA,NA,NA,NA,NA,NA,79.82,3254,7.143372,224504,589.598013,check-sat-assuming,589.248,0.35001299999999996,5.151212,0.0358,326,305.286593,32
symex,sort-7,compile-unbatched,y,NA,NA,NA,NA,NA,NA,NA,NA,NA,81.95,3243,7.124024,224504,591.081639,check-sat-assuming,590.635,0.446639,5.150614,0.036398,335,305.286296,32
symex,sort-7,compile-unbatched,y,NA,NA,NA,NA,NA,NA,NA,NA,NA,80.84,3251,7.149304,224504,596.702728,check-sat-assuming,596.417,0.285728,5.149217,0.037795,347,305.286884,32
symex,sort-7,compile-unbatched,y,NA,NA,NA,NA,NA,NA,NA,NA,NA,78.59,4013,7.283428,224504,697.1533463,check-sat-assuming,697.108,0.0453463,5.14565,0.041362,376,305.287257,40
symex,sort-7,compile-unbatched,y,NA,NA,NA,NA,NA,NA,NA,NA,NA,78.64,4019,7.274476,224504,706.09412,check-sat-assuming,705.566,0.52812,5.145316,0.041696,381,305.287301,40
symex,sort-7,compile-unbatched,y,NA,NA,NA,NA,NA,NA,NA,NA,NA,78.55,3989,7.261844,224504,703.830335,check-sat-assuming,703.16,0.670335,5.144428,0.042584,390,305.287832,40
symex,sort-7,compile-unbatched,y,NA,NA,NA,NA,NA,NA,NA,NA,NA,77.27,4018,7.267528,224504,691.557381,check-sat-assuming,691.03,0.527381,5.14838,0.038632,350,305.286701,40
symex,sort-7,compile-unbatched,y,NA,NA,NA,NA,NA,NA,NA,NA,NA,79.44,4006,7.261176,224504,706.837431,check-sat-assuming,706.327,0.510431,5.145087,0.041925,382,305.288651,40
symex,sort-7,compile-unbatched,y,NA,NA,NA,NA,NA,NA,NA,NA,NA,75.36,4678,7.455428,224504,168.11975299999997,check-sat-assuming,167.307,0.8127530000000001,5.144381,0.042631,383,305.292588,48
symex,sort-7,compile-unbatched,y,NA,NA,NA,NA,NA,NA,NA,NA,NA,74.81,4723,7.379216,224504,179.418562,check-sat-assuming,178.642,0.776562,5.143618,0.043394,392,305.288954,48
symex,sort-7,compile-unbatched,y,NA,NA,NA,NA,NA,NA,NA,NA,NA,74.14,4675,7.42588,224504,169.47067800000002,check-sat-assuming,168.747,0.723678,5.145873,0.041139,367,305.286325,48
symex,sort-7,compile-unbatched,y,NA,NA,NA,NA,NA,NA,NA,NA,NA,75.76,4722,7.433892,224504,182.302866,check-sat-assuming,181.387,0.915866,5.143475,0.043537,393,305.289229,48
symex,sort-7,compile-unbatched,y,NA,NA,NA,NA,NA,NA,NA,NA,NA,75.92,4689,7.449908,224504,173.090417,check-sat-assuming,172.407,0.683417,5.146178,0.040834,367,305.289058,48
